round,test_loss,test_acc,test_macro_f1,test_macro_recall,test_macro_precision,test_micro_f1,test_micro_recall,test_micro_precision,test_weighted_f1,test_weighted_recall,test_weighted_precision,test_loss_backdoor,test_acc_backdoor,test_macro_f1_backdoor,test_macro_recall_backdoor,test_macro_precision_backdoor,test_micro_f1_backdoor,test_micro_recall_backdoor,test_micro_precision_backdoor,test_weighted_f1_backdoor,test_weighted_recall_backdoor,test_weighted_precision_backdoor
1,0.67925256,0.7866,0.7883718794036702,0.7866,0.79574350964326,0.7866,0.7866,0.7866,0.7883718794036702,0.7866,0.7957435096432601,0.71566796,0.7801,0.7831192909770968,0.7801,0.7947652701840183,0.7801,0.7801,0.7801,0.7831192909770968,0.7801,0.7947652701840183
2,0.55678093,0.8093,0.8094409965702342,0.8093,0.8100433532309971,0.8093,0.8093,0.8093,0.8094409965702342,0.8093,0.8100433532309971,0.5681205,0.808,0.8092038742154257,0.808,0.8117085882971781,0.808,0.808,0.808,0.8092038742154256,0.808,0.811708588297178
3,0.54490685,0.8174,0.8171305361770985,0.8173999999999999,0.8172011704811798,0.8174,0.8174,0.8174,0.8171305361770984,0.8174,0.8172011704811796,0.54716426,0.8147,0.8153766372759421,0.8147,0.8169514835250261,0.8147,0.8147,0.8147,0.8153766372759422,0.8147,0.8169514835250261
4,0.54722756,0.8217,0.8212851505590262,0.8217000000000001,0.821280829083961,0.8217,0.8217,0.8217,0.8212851505590263,0.8217,0.821280829083961,0.54626614,0.8196,0.8201238328786182,0.8196,0.8216332685982353,0.8196,0.8196,0.8196,0.8201238328786181,0.8196,0.8216332685982354
5,0.5516259,0.8255,0.8249844957294206,0.8254999999999999,0.8250023003047762,0.8255,0.8255,0.8255,0.8249844957294207,0.8255,0.8250023003047762,0.5501923,0.8244,0.8247950038577061,0.8244,0.8263806272053997,0.8244,0.8244,0.8244,0.8247950038577061,0.8244,0.8263806272053998
6,0.5550877,0.8278,0.8273143258134923,0.8278000000000001,0.8273011429711641,0.8278,0.8278,0.8278,0.8273143258134924,0.8278,0.827301142971164,0.5533717,0.8286,0.8289119403151023,0.8286,0.83079846861287,0.8286,0.8286,0.8286,0.8289119403151022,0.8286,0.8307984686128701
7,0.55758953,0.8313,0.8308575153826705,0.8313,0.8307573485771604,0.8313000000000001,0.8313,0.8313,0.8308575153826707,0.8313,0.8307573485771605,0.557855,0.8302,0.8303955418462408,0.8302000000000002,0.8323232862381527,0.8302,0.8302,0.8302,0.8303955418462409,0.8302,0.8323232862381524
8,0.560316,0.8344,0.8339755806048975,0.8343999999999999,0.8338510826643029,0.8344,0.8344,0.8344,0.8339755806048975,0.8344,0.8338510826643029,0.561256,0.8318,0.832046337525083,0.8318,0.8340393469321257,0.8318,0.8318,0.8318,0.8320463375250828,0.8318,0.8340393469321256
9,0.5617085,0.835,0.8345459646907181,0.835,0.8344401326679817,0.835,0.835,0.835,0.8345459646907181,0.835,0.8344401326679818,0.5637695,0.8331,0.8333123261962478,0.8331,0.8353530575253746,0.8331,0.8331,0.8331,0.8333123261962478,0.8331,0.8353530575253746
10,0.56235325,0.8375,0.837050994700477,0.8375,0.8369476349100891,0.8375,0.8375,0.8375,0.8370509947004772,0.8375,0.8369476349100891,0.5648179,0.8341,0.8342757693393755,0.8341,0.8364105246754351,0.8341,0.8341,0.8341,0.8342757693393756,0.8341,0.8364105246754351
11,0.5648751,0.8386,0.8382026830292759,0.8385999999999999,0.8380449751107776,0.8386,0.8386,0.8386,0.8382026830292758,0.8386,0.8380449751107777,0.5695025,0.8336,0.8338893413944554,0.8336,0.8363102239899843,0.8336,0.8336,0.8336,0.8338893413944554,0.8336,0.8363102239899843
12,0.5647792,0.8396,0.8391082474876944,0.8396000000000001,0.8389687314986031,0.8396,0.8396,0.8396,0.8391082474876944,0.8396,0.8389687314986031,0.57233053,0.8341,0.8343538513075487,0.8341,0.8370107844718142,0.8341,0.8341,0.8341,0.8343538513075488,0.8341,0.8370107844718141
13,0.56354856,0.8409,0.8404712850531583,0.8409000000000001,0.8403309434858205,0.8409,0.8409,0.8409,0.8404712850531583,0.8409,0.8403309434858205,0.5721333,0.836,0.83632719437799,0.836,0.8389874845702217,0.836,0.836,0.836,0.8363271943779901,0.836,0.8389874845702215
14,0.56340593,0.8425,0.842150374668365,0.8425,0.8420743814722631,0.8425,0.8425,0.8425,0.842150374668365,0.8425,0.842074381472263,0.5732088,0.8373,0.8377220701141945,0.8373000000000002,0.8406399386901808,0.8373000000000002,0.8373,0.8373,0.8377220701141945,0.8373,0.8406399386901808
15,0.5621663,0.8418,0.8413812027467878,0.8418000000000001,0.8412828047937131,0.8418,0.8418,0.8418,0.8413812027467881,0.8418,0.841282804793713,0.57421297,0.8376,0.8379830295783519,0.8375999999999999,0.8410025574580777,0.8376,0.8376,0.8376,0.8379830295783518,0.8376,0.8410025574580777
16,0.56198776,0.8432,0.8428343231027335,0.8432000000000001,0.842752935279653,0.8432,0.8432,0.8432,0.8428343231027337,0.8432,0.8427529352796531,0.5786636,0.8383,0.8387452558837495,0.8383,0.8426235750824501,0.8383000000000002,0.8383,0.8383,0.8387452558837495,0.8383,0.84262357508245
17,0.5614153,0.8437,0.8432744471144101,0.8436999999999999,0.8431654411880002,0.8436999999999999,0.8437,0.8437,0.8432744471144102,0.8437,0.8431654411880003,0.5818657,0.838,0.8384990577524787,0.8379999999999999,0.8427219850146843,0.838,0.838,0.838,0.8384990577524786,0.838,0.8427219850146841
18,0.56122875,0.8435,0.8431605582588666,0.8435,0.8430441699762428,0.8435,0.8435,0.8435,0.8431605582588668,0.8435,0.8430441699762429,0.5853076,0.8386,0.8388891216938049,0.8385999999999999,0.8434608089719108,0.8386,0.8386,0.8386,0.8388891216938047,0.8386,0.8434608089719108
19,0.5641042,0.8442,0.8438135006710976,0.8442000000000001,0.8437118679983765,0.8442,0.8442,0.8442,0.8438135006710974,0.8442,0.8437118679983763,0.5895917,0.8373,0.8376593987617446,0.8373000000000002,0.8423891074425208,0.8373000000000002,0.8373,0.8373,0.8376593987617446,0.8373,0.8423891074425208
20,0.56302464,0.8455,0.8450671049351557,0.8455,0.844940616114798,0.8455,0.8455,0.8455,0.8450671049351557,0.8455,0.8449406161147981,0.59165156,0.838,0.8383542453279663,0.8380000000000001,0.8433734540611978,0.838,0.838,0.838,0.8383542453279662,0.838,0.8433734540611978
