round,active_ordinary_count,active_anomaly_count,avg_ordinary_tokens,avg_anomaly_tokens,test_loss_offline,test_acc_offline,test_macro_f1_offline,test_macro_recall_offline,test_macro_precision_offline,test_micro_f1_offline,test_micro_recall_offline,test_micro_precision_offline,test_weighted_f1_offline,test_weighted_recall_offline,test_weighted_precision_offline,test_loss_online,test_acc_online,test_macro_f1_online,test_macro_recall_online,test_macro_precision_online,test_micro_f1_online,test_micro_recall_online,test_micro_precision_online,test_weighted_f1_online,test_weighted_recall_online,test_weighted_precision_online
0,99,1,2000.0,2000.0,2.3566484,0.1431,0.10236297333352844,0.1431,0.11706984569636829,0.1431,0.1431,0.1431,0.10236297333352844,0.1431,0.11706984569636829,2.2092378,0.2023,0.179578112186399,0.20229999999999998,0.2587578064509587,0.2023,0.2023,0.2023,0.179578112186399,0.2023,0.25875780645095875
1,99,1,2000.0436141716448,1995.6821970068231,2.2069893,0.1813,0.1734352035720145,0.18130000000000002,0.2186774318750299,0.18129999999999996,0.1813,0.1813,0.17343520357201447,0.1813,0.2186774318750299,0.95935124,0.7494,0.7509930127028543,0.7494000000000001,0.7615186921067417,0.7494,0.7494,0.7494,0.7509930127028543,0.7494,0.7615186921067417
2,99,1,2003.2750243203823,1675.7725922819418,0.8908898,0.7004,0.7022919823532373,0.7004,0.7105415780926624,0.7004,0.7004,0.7004,0.7022919823532373,0.7004,0.7105415780926624,0.9007746,0.7792,0.7799076034014532,0.7792,0.7841836633112693,0.7792,0.7792,0.7792,0.7799076034014532,0.7792,0.7841836633112693
3,99,1,2006.6309175262534,1343.5391649007786,0.8381068,0.7243,0.7247837497316678,0.7243,0.72972309470938,0.7243,0.7243,0.7243,0.7247837497316679,0.7243,0.7297230947093801,0.87872297,0.7926,0.7929355281539404,0.7926,0.7949302353810683,0.7926,0.7926,0.7926,0.7929355281539404,0.7926,0.7949302353810683
4,99,1,2010.0539597346865,1004.6579862658855,0.82663655,0.7297,0.7302276831456516,0.7297,0.7368451168876261,0.7297,0.7297,0.7297,0.7302276831456515,0.7297,0.736845116887626,0.858041,0.7983,0.7987092776055028,0.7983,0.8006482651938404,0.7983,0.7983,0.7983,0.7987092776055028,0.7983,0.8006482651938402
5,99,0,2013.5255024795067,0.0,0.8038127,0.7332,0.7334572454989663,0.7332,0.7387661684587095,0.7332000000000001,0.7332,0.7332,0.7334572454989665,0.7332,0.7387661684587095,0.81157357,0.7934,0.7944862603008502,0.7933999999999999,0.7982858992465167,0.7933999999999999,0.7934,0.7934,0.7944862603008501,0.7934,0.7982858992465168
6,99,0,2013.5255024795076,0.0,0.71411115,0.7479,0.749906768529989,0.7479,0.7553982183866098,0.7478999999999999,0.7479,0.7479,0.7499067685299892,0.7479,0.7553982183866097,0.79387957,0.8013,0.803090184609303,0.8013,0.8085349463722998,0.8013,0.8013,0.8013,0.803090184609303,0.8013,0.8085349463723
7,99,0,2013.5255024795088,0.0,0.71454436,0.7508,0.7539136418056682,0.7508000000000001,0.7617860856971906,0.7508000000000001,0.7508,0.7508,0.7539136418056681,0.7508,0.7617860856971906,0.7950666,0.8055,0.8067029233981735,0.8055,0.810610720520701,0.8054999999999999,0.8055,0.8055,0.8067029233981735,0.8055,0.8106107205207009
8,99,0,2013.525502479508,0.0,0.67436224,0.768,0.7691293872637348,0.768,0.7717679684209472,0.768,0.768,0.768,0.7691293872637349,0.768,0.7717679684209472,0.7917829,0.8082,0.8091550028469505,0.8082,0.8128487546624511,0.8082,0.8082,0.8082,0.8091550028469506,0.8082,0.812848754662451
9,99,0,2013.5255024795097,0.0,0.6901071,0.7578,0.7596008456258473,0.7578000000000001,0.7644181460934155,0.7577999999999999,0.7578,0.7578,0.7596008456258473,0.7578,0.7644181460934154,0.7963746,0.807,0.8083495849891783,0.807,0.8127363746413293,0.807,0.807,0.807,0.8083495849891784,0.807,0.8127363746413293
10,99,0,2013.5255024795097,0.0,0.68585867,0.7588,0.7612998865293483,0.7588,0.7667783846295129,0.7588,0.7588,0.7588,0.7612998865293482,0.7588,0.7667783846295129,0.7878066,0.8044,0.8049681149391942,0.8044,0.8081478870040201,0.8044,0.8044,0.8044,0.8049681149391942,0.8044,0.8081478870040202
11,99,0,2013.5255024795115,0.0,0.6662463,0.7678,0.7687261054144587,0.7678,0.7708182933938648,0.7678,0.7678,0.7678,0.7687261054144586,0.7678,0.7708182933938648,0.76554084,0.8057,0.8064112369448703,0.8057000000000001,0.8104995992704149,0.8057,0.8057,0.8057,0.8064112369448703,0.8057,0.810499599270415
12,99,0,2013.5255024795117,0.0,0.6860943,0.7648,0.7663530832392046,0.7648,0.7740594670403986,0.7648,0.7648,0.7648,0.7663530832392045,0.7648,0.7740594670403986,0.7532427,0.8121,0.8128497591872603,0.8121,0.8155987350305447,0.8121,0.8121,0.8121,0.8128497591872604,0.8121,0.8155987350305446
13,99,0,2013.5255024795126,0.0,0.6615047,0.7678,0.7708887189726039,0.7678,0.7774762070234814,0.7678,0.7678,0.7678,0.7708887189726039,0.7678,0.7774762070234815,0.77073336,0.8111,0.812152828032444,0.8110999999999999,0.8174485631137205,0.8111,0.8111,0.8111,0.812152828032444,0.8111,0.8174485631137204
14,99,0,2013.5255024795138,0.0,0.6624422,0.7704,0.7715948130248195,0.7704,0.7752456063574801,0.7704,0.7704,0.7704,0.7715948130248196,0.7704,0.7752456063574802,0.760731,0.8167,0.8177051512496718,0.8167,0.821880211225607,0.8167,0.8167,0.8167,0.8177051512496718,0.8167,0.821880211225607
15,99,0,2013.5255024795144,0.0,0.68405783,0.766,0.7691472102571192,0.7659999999999999,0.7761769876909521,0.766,0.766,0.766,0.7691472102571192,0.766,0.776176987690952,0.7499999,0.8165,0.8177266384242386,0.8164999999999999,0.8223778036611895,0.8165,0.8165,0.8165,0.8177266384242386,0.8165,0.8223778036611895
16,99,0,2013.525502479517,0.0,0.6552979,0.7708,0.7739907131838737,0.7708,0.7813892521569809,0.7708,0.7708,0.7708,0.7739907131838736,0.7708,0.7813892521569809,0.7638699,0.815,0.8159564874013361,0.8150000000000001,0.8195859066698834,0.815,0.815,0.815,0.815956487401336,0.815,0.8195859066698835
17,99,0,2013.5255024795165,0.0,0.64938575,0.773,0.7754009506891657,0.7729999999999999,0.7801733088023177,0.7729999999999999,0.773,0.773,0.7754009506891658,0.773,0.7801733088023176,0.7686347,0.812,0.8127277000390405,0.812,0.8171634237569745,0.8119999999999999,0.812,0.812,0.8127277000390406,0.812,0.8171634237569744
18,99,0,2013.5255024795176,0.0,0.6560816,0.7732,0.7749764102252646,0.7732,0.7806430469724239,0.7732,0.7732,0.7732,0.7749764102252646,0.7732,0.7806430469724239,0.75226843,0.8163,0.8167686510125101,0.8163,0.8203062013192058,0.8162999999999999,0.8163,0.8163,0.81676865101251,0.8163,0.8203062013192058
19,99,0,2013.5255024795176,0.0,0.6650114,0.7678,0.7698859809905786,0.7677999999999999,0.7739517791192772,0.7678,0.7678,0.7678,0.7698859809905786,0.7678,0.7739517791192773,0.7535315,0.8125,0.8133649784138932,0.8124999999999998,0.8167063925846794,0.8125,0.8125,0.8125,0.8133649784138933,0.8125,0.8167063925846794
20,99,0,2013.5255024795188,0.0,0.65515935,0.7714,0.7734504118435843,0.7714,0.7777208035635947,0.7714,0.7714,0.7714,0.7734504118435842,0.7714,0.7777208035635947,0.74193907,0.8209,0.8217661192516609,0.8209,0.824737356096113,0.8209000000000001,0.8209,0.8209,0.8217661192516608,0.8209,0.8247373560961129
21,99,0,2013.5255024795197,0.0,0.64204675,0.7809,0.7811707402041113,0.7809,0.7835043236128811,0.7809,0.7809,0.7809,0.7811707402041113,0.7809,0.7835043236128809,0.7252493,0.8188,0.8192511838022278,0.8187999999999999,0.8219395629539779,0.8188,0.8188,0.8188,0.8192511838022277,0.8188,0.8219395629539781
22,99,0,2013.5255024795217,0.0,0.6452765,0.7739,0.7739801145991823,0.7739,0.7778913218784865,0.7739,0.7739,0.7739,0.7739801145991823,0.7739,0.7778913218784865,0.7279832,0.8168,0.8177914639969842,0.8168000000000001,0.821233031852219,0.8167999999999999,0.8168,0.8168,0.8177914639969841,0.8168,0.8212330318522191
23,99,0,2013.5255024795217,0.0,0.6450172,0.777,0.7805020690514374,0.7769999999999999,0.7879943933264576,0.777,0.777,0.777,0.7805020690514375,0.777,0.7879943933264576,0.7450215,0.8192,0.8195065423667716,0.8192,0.8225242484344726,0.8191999999999999,0.8192,0.8192,0.8195065423667715,0.8192,0.8225242484344726
24,99,0,2013.525502479524,0.0,0.64505833,0.7764,0.7784097566437402,0.7764000000000001,0.7837007017183832,0.7764,0.7764,0.7764,0.7784097566437402,0.7764,0.7837007017183832,0.7500844,0.8182,0.8194254458409558,0.8182,0.8231860329262716,0.8182000000000001,0.8182,0.8182,0.8194254458409558,0.8182,0.8231860329262716
25,99,0,2013.525502479524,0.0,0.6414135,0.7807,0.781881329019895,0.7807,0.7846675635989356,0.7807,0.7807,0.7807,0.7818813290198952,0.7807,0.7846675635989357,0.72421736,0.8184,0.8194715748167983,0.8184000000000001,0.8235934688970371,0.8184,0.8184,0.8184,0.8194715748167984,0.8184,0.823593468897037
26,99,0,2013.5255024795235,0.0,0.6645075,0.7667,0.7707018458301059,0.7666999999999999,0.7808515870024715,0.7667,0.7667,0.7667,0.7707018458301058,0.7667,0.7808515870024714,0.73839027,0.8168,0.8177467270713326,0.8168,0.8216816073660211,0.8167999999999999,0.8168,0.8168,0.8177467270713326,0.8168,0.8216816073660209
27,99,0,2013.5255024795247,0.0,0.6539396,0.7693,0.7706216063288278,0.7693,0.7776149522812288,0.7693,0.7693,0.7693,0.7706216063288279,0.7693,0.7776149522812289,0.7429827,0.8184,0.8191990096315493,0.8184000000000001,0.8224546040012862,0.8184,0.8184,0.8184,0.8191990096315493,0.8184,0.8224546040012863
28,99,0,2013.525502479526,0.0,0.6477995,0.7748,0.7774827608687669,0.7748,0.7838799310072009,0.7747999999999999,0.7748,0.7748,0.777482760868767,0.7748,0.783879931007201,0.7442382,0.8144,0.8149854827532756,0.8144,0.8183952854894716,0.8144,0.8144,0.8144,0.8149854827532756,0.8144,0.8183952854894717
29,99,0,2013.5255024795276,0.0,0.6415963,0.7752,0.7770263114044921,0.7752,0.7810880055462954,0.7752,0.7752,0.7752,0.7770263114044922,0.7752,0.7810880055462956,0.73109573,0.819,0.8199023747838883,0.819,0.8232801461331878,0.819,0.819,0.819,0.8199023747838883,0.819,0.8232801461331879
30,99,0,2013.525502479527,0.0,0.64965135,0.7724,0.7753824896940322,0.7724,0.781354185833284,0.7724,0.7724,0.7724,0.7753824896940322,0.7724,0.7813541858332839,0.72589856,0.8214,0.8220022376538537,0.8214,0.8248988875028326,0.8214,0.8214,0.8214,0.8220022376538538,0.8214,0.8248988875028325
31,99,0,2013.5255024795285,0.0,0.63676107,0.7808,0.7820753620520268,0.7807999999999999,0.7862466844489128,0.7808,0.7808,0.7808,0.7820753620520267,0.7808,0.7862466844489128,0.7403075,0.8232,0.8241755348466434,0.8231999999999999,0.8281020151414525,0.8232,0.8232,0.8232,0.8241755348466435,0.8232,0.8281020151414524
32,99,0,2013.5255024795306,0.0,0.63627636,0.7789,0.7804507571899674,0.7788999999999999,0.7840090309203804,0.7789,0.7789,0.7789,0.7804507571899674,0.7789,0.7840090309203804,0.74479705,0.8181,0.8196433237895022,0.8181,0.824100401035837,0.8180999999999999,0.8181,0.8181,0.8196433237895022,0.8181,0.8241004010358369
33,99,0,2013.5255024795306,0.0,0.6559798,0.7711,0.7746255639893713,0.7711,0.7829501770160233,0.7711,0.7711,0.7711,0.7746255639893712,0.7711,0.7829501770160233,0.738643,0.8176,0.8187322077927377,0.8176,0.822800223287507,0.8176,0.8176,0.8176,0.8187322077927376,0.8176,0.8228002232875069
34,99,0,2013.525502479532,0.0,0.63804996,0.7791,0.7823297712064243,0.7791,0.7885382656278608,0.7791,0.7791,0.7791,0.7823297712064242,0.7791,0.7885382656278608,0.7266345,0.8142,0.8152631934938913,0.8141999999999999,0.8192924646121084,0.8142,0.8142,0.8142,0.8152631934938911,0.8142,0.8192924646121083
35,99,0,2013.5255024795322,0.0,0.65384895,0.7699,0.7725585804693429,0.7699,0.7790387045797476,0.7699,0.7699,0.7699,0.7725585804693428,0.7699,0.7790387045797476,0.7434636,0.8182,0.8194654747108221,0.8182,0.8235534569723285,0.8182000000000001,0.8182,0.8182,0.8194654747108221,0.8182,0.8235534569723284
36,99,0,2013.525502479534,0.0,0.6536744,0.7733,0.7749349669682873,0.7733000000000001,0.778206605388635,0.7733,0.7733,0.7733,0.7749349669682873,0.7733,0.7782066053886351,0.7337683,0.8176,0.8189336537458256,0.8176,0.8238737635819708,0.8176,0.8176,0.8176,0.8189336537458255,0.8176,0.8238737635819707
37,99,0,2013.5255024795347,0.0,0.6487469,0.7741,0.7783533571163364,0.7741,0.7889950429626641,0.7741,0.7741,0.7741,0.7783533571163365,0.7741,0.788995042962664,0.7404123,0.8195,0.8202627155955394,0.8195,0.8232042610941335,0.8195,0.8195,0.8195,0.8202627155955393,0.8195,0.8232042610941337
38,99,0,2013.5255024795347,0.0,0.6459952,0.7725,0.775253445466872,0.7725,0.7816739336233013,0.7725000000000001,0.7725,0.7725,0.7752534454668719,0.7725,0.7816739336233014,0.7416321,0.8133,0.8144572923199517,0.8132999999999999,0.8195794634063871,0.8133,0.8133,0.8133,0.8144572923199518,0.8133,0.819579463406387
39,99,0,2013.5255024795347,0.0,0.635496,0.7759,0.7770583203023402,0.7759,0.7827383009733645,0.7759,0.7759,0.7759,0.7770583203023402,0.7759,0.7827383009733645,0.73904765,0.8195,0.8206046223693546,0.8194999999999999,0.82461196181894,0.8195,0.8195,0.8195,0.8206046223693545,0.8195,0.8246119618189399
40,99,0,2013.525502479537,0.0,0.6207893,0.7817,0.7824980879208836,0.7817000000000001,0.7845905620320576,0.7817,0.7817,0.7817,0.7824980879208835,0.7817,0.7845905620320575,0.7473189,0.8233,0.8242074399169119,0.8233,0.8277289073687513,0.8233,0.8233,0.8233,0.8242074399169119,0.8233,0.8277289073687513
41,99,0,2013.525502479537,0.0,0.6160979,0.7873,0.7886342840174551,0.7872999999999999,0.7907369696981338,0.7873,0.7873,0.7873,0.7886342840174552,0.7873,0.7907369696981338,0.72639483,0.8191,0.8197661241976307,0.8191,0.8235192548619723,0.8191,0.8191,0.8191,0.8197661241976306,0.8191,0.8235192548619723
42,99,0,2013.5255024795385,0.0,0.61942977,0.7835,0.7851924724340936,0.7834999999999999,0.7881776497629722,0.7835000000000001,0.7835,0.7835,0.7851924724340936,0.7835,0.7881776497629721,0.7312487,0.819,0.8199446290160578,0.819,0.8244725609618546,0.819,0.819,0.819,0.8199446290160578,0.819,0.8244725609618546
43,99,0,2013.5255024795385,0.0,0.6308771,0.7782,0.7795134889552979,0.7782,0.7859725467832777,0.7782,0.7782,0.7782,0.7795134889552979,0.7782,0.7859725467832778,0.73613536,0.8165,0.8175226744994756,0.8165000000000001,0.8218866279008363,0.8165,0.8165,0.8165,0.8175226744994755,0.8165,0.8218866279008362
44,99,0,2013.5255024795395,0.0,0.63702434,0.7783,0.7805520934897706,0.7783,0.7863174014620506,0.7783000000000001,0.7783,0.7783,0.7805520934897705,0.7783,0.7863174014620508,0.7409047,0.8151,0.8160166367440803,0.8150999999999999,0.819661498799505,0.8150999999999999,0.8151,0.8151,0.8160166367440803,0.8151,0.819661498799505
45,99,0,2013.5255024795406,0.0,0.62811494,0.7817,0.7835972455281482,0.7817,0.78765442242075,0.7817,0.7817,0.7817,0.7835972455281484,0.7817,0.78765442242075,0.719161,0.8225,0.8233594997790334,0.8225,0.827194755072434,0.8225,0.8225,0.8225,0.8233594997790334,0.8225,0.8271947550724339
46,99,0,2013.525502479541,0.0,0.6348858,0.7818,0.7844510666524386,0.7818000000000002,0.7918463630847496,0.7818,0.7818,0.7818,0.7844510666524385,0.7818,0.7918463630847495,0.7334679,0.8221,0.8231037481489288,0.8221,0.8280212745379856,0.8221,0.8221,0.8221,0.8231037481489287,0.8221,0.8280212745379855
47,99,0,2013.525502479543,0.0,0.61172605,0.7881,0.7897903473917746,0.7881,0.7929491536647247,0.7881000000000001,0.7881,0.7881,0.7897903473917744,0.7881,0.7929491536647247,0.7242654,0.8197,0.8205492686985785,0.8196999999999999,0.8240881573980834,0.8197,0.8197,0.8197,0.8205492686985786,0.8197,0.8240881573980834
48,99,0,2013.525502479544,0.0,0.62018913,0.7858,0.7863220602265658,0.7858,0.7875858115518451,0.7858,0.7858,0.7858,0.7863220602265658,0.7858,0.7875858115518451,0.7434799,0.8221,0.8231910632238273,0.8221,0.8271333102648013,0.8221,0.8221,0.8221,0.8231910632238272,0.8221,0.8271333102648014
49,99,0,2013.5255024795435,0.0,0.6290538,0.7866,0.7891984797155915,0.7866000000000001,0.794650809676211,0.7866,0.7866,0.7866,0.7891984797155915,0.7866,0.7946508096762109,0.7077493,0.8205,0.8211115440152386,0.8205,0.8244315549725767,0.8204999999999999,0.8205,0.8205,0.8211115440152383,0.8205,0.8244315549725767
50,99,0,2013.5255024795442,0.0,0.60780627,0.7885,0.7917825015948299,0.7885000000000001,0.7992947674703147,0.7885,0.7885,0.7885,0.7917825015948299,0.7885,0.7992947674703146,0.7106964,0.8254,0.8262230729578807,0.8253999999999999,0.8301145952645632,0.8254,0.8254,0.8254,0.8262230729578807,0.8254,0.8301145952645631
51,99,0,2013.525502479545,0.0,0.61142343,0.786,0.7882061568381359,0.786,0.793561917976348,0.786,0.786,0.786,0.7882061568381359,0.786,0.793561917976348,0.7353396,0.8194,0.8203375727973661,0.8193999999999999,0.823897519655514,0.8194,0.8194,0.8194,0.8203375727973662,0.8194,0.823897519655514
52,99,0,2013.525502479546,0.0,0.627762,0.7841,0.7855847541877999,0.7841,0.7906808411887679,0.7841,0.7841,0.7841,0.7855847541877999,0.7841,0.7906808411887679,0.7414049,0.8198,0.8211159893557125,0.8198000000000001,0.8250501277802138,0.8198,0.8198,0.8198,0.8211159893557125,0.8198,0.8250501277802139
53,99,0,2013.525502479548,0.0,0.64741856,0.7796,0.7822426222237502,0.7796000000000001,0.7914888568357973,0.7796,0.7796,0.7796,0.7822426222237502,0.7796,0.7914888568357974,0.73209333,0.8201,0.821358749422556,0.8200999999999998,0.8256092542294396,0.8201,0.8201,0.8201,0.8213587494225562,0.8201,0.8256092542294396
54,99,0,2013.5255024795476,0.0,0.64023626,0.782,0.7834553380538992,0.782,0.7880962903267833,0.782,0.782,0.782,0.7834553380538993,0.782,0.7880962903267833,0.73937804,0.8212,0.821761774568077,0.8211999999999999,0.8243330646765201,0.8212,0.8212,0.8212,0.8217617745680768,0.8212,0.8243330646765202
55,99,0,2013.5255024795485,0.0,0.61940646,0.7879,0.7892923391968667,0.7879,0.7940893263975507,0.7879000000000002,0.7879,0.7879,0.7892923391968666,0.7879,0.7940893263975507,0.7244683,0.8201,0.8208156131003047,0.8201,0.8242311433458891,0.8201,0.8201,0.8201,0.8208156131003047,0.8201,0.824231143345889
56,99,0,2013.5255024795506,0.0,0.6095206,0.793,0.7939626080765944,0.793,0.7970542180259791,0.793,0.793,0.793,0.7939626080765944,0.793,0.7970542180259791,0.73810077,0.8225,0.8230957630673699,0.8225,0.8257316569653554,0.8225,0.8225,0.8225,0.8230957630673698,0.8225,0.8257316569653554
57,99,0,2013.5255024795515,0.0,0.62079275,0.7854,0.7860137403895078,0.7854000000000001,0.7884943773555573,0.7854,0.7854,0.7854,0.7860137403895077,0.7854,0.7884943773555572,0.7216185,0.8185,0.8195231720113563,0.8184999999999999,0.823980330467673,0.8184999999999999,0.8185,0.8185,0.8195231720113565,0.8185,0.823980330467673
58,99,0,2013.5255024795536,0.0,0.6161415,0.786,0.7880669295348413,0.786,0.7927977940805934,0.786,0.786,0.786,0.7880669295348413,0.786,0.7927977940805933,0.7301606,0.8228,0.8237954745136842,0.8228,0.8275818139263365,0.8227999999999999,0.8228,0.8228,0.823795474513684,0.8228,0.8275818139263363
59,99,0,2013.5255024795536,0.0,0.6182867,0.7893,0.7910465216549506,0.7892999999999999,0.7959143901580676,0.7892999999999999,0.7893,0.7893,0.7910465216549505,0.7893,0.7959143901580678,0.72004944,0.8242,0.8256776291881,0.8242,0.8310828096529367,0.8242,0.8242,0.8242,0.8256776291880998,0.8242,0.8310828096529367
60,99,0,2013.525502479554,0.0,0.6272087,0.7816,0.7856351279111176,0.7816000000000001,0.7956563720671526,0.7816,0.7816,0.7816,0.7856351279111177,0.7816,0.7956563720671526,0.72708637,0.8257,0.8266531941185751,0.8257,0.8295917869453119,0.8257,0.8257,0.8257,0.8266531941185749,0.8257,0.8295917869453119
61,99,0,2013.5255024795542,0.0,0.63179755,0.7844,0.7861321484160921,0.7844,0.7914946037365356,0.7844,0.7844,0.7844,0.7861321484160921,0.7844,0.7914946037365357,0.71748626,0.8223,0.8229063545912629,0.8222999999999999,0.825830373157182,0.8223,0.8223,0.8223,0.8229063545912628,0.8223,0.8258303731571819
62,99,0,2013.5255024795542,0.0,0.62213576,0.7851,0.787169998865204,0.7851,0.7925736898850027,0.7851,0.7851,0.7851,0.7871699988652041,0.7851,0.7925736898850027,0.71490914,0.8272,0.8279850636382502,0.8272,0.8306378206513209,0.8272,0.8272,0.8272,0.8279850636382502,0.8272,0.8306378206513209
63,99,0,2013.5255024795558,0.0,0.6092912,0.7873,0.7897140118383541,0.7873,0.794763355984061,0.7873,0.7873,0.7873,0.7897140118383541,0.7873,0.7947633559840609,0.7183186,0.8286,0.829456832220845,0.8286,0.8320560273915533,0.8286,0.8286,0.8286,0.829456832220845,0.8286,0.8320560273915532
64,99,0,2013.525502479557,0.0,0.59253407,0.7976,0.7995729583474178,0.7975999999999999,0.8044838904114536,0.7975999999999999,0.7976,0.7976,0.799572958347418,0.7976,0.8044838904114535,0.74178153,0.8257,0.8265571112151158,0.8257,0.829280290777956,0.8257,0.8257,0.8257,0.8265571112151158,0.8257,0.829280290777956
65,99,0,2013.5255024795572,0.0,0.62632895,0.7836,0.7857342354435487,0.7836000000000001,0.7905302001126456,0.7836,0.7836,0.7836,0.7857342354435486,0.7836,0.7905302001126454,0.7401436,0.8234,0.8242315202219643,0.8234,0.8272366004141064,0.8234,0.8234,0.8234,0.8242315202219642,0.8234,0.8272366004141064
66,99,0,2013.525502479558,0.0,0.6104788,0.7894,0.7902710341668693,0.7894,0.7929688510563573,0.7894,0.7894,0.7894,0.7902710341668693,0.7894,0.7929688510563575,0.73338574,0.8241,0.8249051922016291,0.8240999999999999,0.8285665290586334,0.8240999999999999,0.8241,0.8241,0.824905192201629,0.8241,0.8285665290586334
67,99,0,2013.5255024795597,0.0,0.62923104,0.7824,0.7836215828296895,0.7824,0.7858403835184976,0.7824,0.7824,0.7824,0.7836215828296895,0.7824,0.7858403835184975,0.73394316,0.821,0.8218007312184639,0.8210000000000001,0.8250747484397003,0.821,0.821,0.821,0.821800731218464,0.821,0.8250747484397003
68,99,0,2013.5255024795588,0.0,0.6197689,0.782,0.784744715715573,0.7819999999999998,0.7906343696667785,0.782,0.782,0.782,0.7847447157155729,0.782,0.7906343696667786,0.7445646,0.8223,0.8233178499488286,0.8222999999999999,0.8268023611145969,0.8223,0.8223,0.8223,0.8233178499488285,0.8223,0.8268023611145969
69,99,0,2013.5255024795601,0.0,0.6347401,0.7808,0.7832217167599753,0.7807999999999999,0.7876999764033964,0.7808,0.7808,0.7808,0.7832217167599752,0.7808,0.7876999764033964,0.7525373,0.8213,0.8226390856514779,0.8212999999999999,0.8273020488467526,0.8213,0.8213,0.8213,0.8226390856514779,0.8213,0.8273020488467526
70,99,0,2013.5255024795608,0.0,0.6288158,0.7851,0.7877139235925975,0.7851,0.7926379827670542,0.7851,0.7851,0.7851,0.7877139235925976,0.7851,0.7926379827670541,0.74119693,0.8232,0.8242062863668018,0.8231999999999999,0.827701683720359,0.8232,0.8232,0.8232,0.8242062863668019,0.8232,0.8277016837203589
71,99,0,2013.5255024795606,0.0,0.6223247,0.7842,0.7865392119482425,0.7842,0.7915742262892824,0.7842,0.7842,0.7842,0.7865392119482425,0.7842,0.7915742262892823,0.7287902,0.8258,0.8266486677175952,0.8258000000000001,0.8300850275370453,0.8258000000000001,0.8258,0.8258,0.8266486677175952,0.8258,0.8300850275370453
72,99,0,2013.5255024795626,0.0,0.6243211,0.7804,0.7825262605033637,0.7804,0.7868759709652668,0.7803999999999999,0.7804,0.7804,0.7825262605033637,0.7804,0.7868759709652668,0.71863437,0.8234,0.824584125711439,0.8234,0.8283717409839937,0.8234,0.8234,0.8234,0.8245841257114391,0.8234,0.8283717409839937
73,99,0,2013.5255024795638,0.0,0.6015484,0.7936,0.795353767698031,0.7936000000000001,0.8004613732609158,0.7936,0.7936,0.7936,0.795353767698031,0.7936,0.8004613732609158,0.7128475,0.8244,0.8248878637657961,0.8244,0.8276349901856548,0.8244,0.8244,0.8244,0.8248878637657959,0.8244,0.8276349901856549
74,99,0,2013.5255024795647,0.0,0.60349524,0.7909,0.7919226453223815,0.7908999999999999,0.7938878351140437,0.7909,0.7909,0.7909,0.7919226453223815,0.7909,0.7938878351140438,0.7232992,0.8243,0.8255071817809936,0.8243,0.8294912633172776,0.8243,0.8243,0.8243,0.8255071817809936,0.8243,0.8294912633172776
75,99,0,2013.5255024795647,0.0,0.62288684,0.7829,0.7842605459593847,0.7829,0.7896563079231076,0.7829,0.7829,0.7829,0.7842605459593847,0.7829,0.7896563079231075,0.7179872,0.8206,0.8217183417808084,0.8206,0.8260079580737087,0.8206,0.8206,0.8206,0.8217183417808083,0.8206,0.8260079580737086
76,99,0,2013.5255024795656,0.0,0.61050606,0.7862,0.7869487017699526,0.7862,0.7887782770313272,0.7862,0.7862,0.7862,0.7869487017699525,0.7862,0.7887782770313273,0.71343476,0.8265,0.8273974827061867,0.8265,0.8303805781244952,0.8265,0.8265,0.8265,0.8273974827061867,0.8265,0.8303805781244953
77,99,0,2013.5255024795663,0.0,0.6202813,0.785,0.7874630014104691,0.785,0.7928577516075552,0.785,0.785,0.785,0.7874630014104692,0.785,0.7928577516075552,0.7292436,0.8266,0.827019850283213,0.8266,0.8290641112018984,0.8266,0.8266,0.8266,0.827019850283213,0.8266,0.8290641112018984
78,99,0,2013.5255024795658,0.0,0.6054729,0.7906,0.7922783177839324,0.7906000000000001,0.7956283549239751,0.7906,0.7906,0.7906,0.7922783177839324,0.7906,0.7956283549239752,0.7227368,0.8294,0.8299467036691727,0.8293999999999999,0.8318004931205888,0.8293999999999999,0.8294,0.8294,0.8299467036691727,0.8294,0.8318004931205887
79,99,0,2013.525502479568,0.0,0.5840097,0.7984,0.79969502215532,0.7984,0.8023064840618511,0.7984,0.7984,0.7984,0.79969502215532,0.7984,0.8023064840618511,0.72061855,0.8247,0.8253576860644094,0.8247,0.8280228692358875,0.8247,0.8247,0.8247,0.8253576860644094,0.8247,0.8280228692358876
80,99,0,2013.5255024795692,0.0,0.597149,0.796,0.7972984842396122,0.796,0.799874482186,0.796,0.796,0.796,0.7972984842396124,0.796,0.7998744821859999,0.72086525,0.8236,0.8242709220209468,0.8235999999999999,0.8274317776996856,0.8236,0.8236,0.8236,0.8242709220209469,0.8236,0.8274317776996857
81,99,0,2013.52550247957,0.0,0.6236644,0.7834,0.7862586057210323,0.7834000000000001,0.7923208469528218,0.7834,0.7834,0.7834,0.7862586057210323,0.7834,0.7923208469528219,0.72633797,0.8262,0.8269015639967885,0.8262,0.8299536203296631,0.8262,0.8262,0.8262,0.8269015639967884,0.8262,0.8299536203296631
82,99,0,2013.5255024795708,0.0,0.59658486,0.7951,0.796583321589971,0.7950999999999999,0.7993191545130218,0.7951,0.7951,0.7951,0.7965833215899709,0.7951,0.7993191545130219,0.72825164,0.8312,0.8315844678999064,0.8311999999999999,0.833555097242472,0.8312,0.8312,0.8312,0.8315844678999061,0.8312,0.833555097242472
83,99,0,2013.525502479571,0.0,0.60539126,0.7953,0.7973825166415711,0.7952999999999999,0.8033132802114998,0.7953,0.7953,0.7953,0.797382516641571,0.7953,0.8033132802115,0.72277683,0.8248,0.8255980186104376,0.8248,0.8278575303081025,0.8248,0.8248,0.8248,0.8255980186104378,0.8248,0.8278575303081026
84,99,0,2013.525502479572,0.0,0.59879833,0.7948,0.7959219102258166,0.7948000000000001,0.7979362612207309,0.7948,0.7948,0.7948,0.7959219102258165,0.7948,0.7979362612207309,0.7232066,0.8259,0.827067042522534,0.8259000000000001,0.830499140770345,0.8259,0.8259,0.8259,0.827067042522534,0.8259,0.830499140770345
85,99,0,2013.5255024795727,0.0,0.602199,0.7898,0.7917781748418299,0.7898,0.7964688411125344,0.7898,0.7898,0.7898,0.7917781748418297,0.7898,0.7964688411125344,0.710877,0.829,0.8299859041199346,0.829,0.8330407927907508,0.8289999999999998,0.829,0.829,0.8299859041199347,0.829,0.8330407927907507
86,99,0,2013.525502479575,0.0,0.59754497,0.7935,0.7952263535705878,0.7935000000000001,0.7997121238219459,0.7935,0.7935,0.7935,0.7952263535705878,0.7935,0.799712123821946,0.73131317,0.8278,0.8287448321753418,0.8278000000000001,0.8319614025959318,0.8278,0.8278,0.8278,0.8287448321753418,0.8278,0.8319614025959315
87,99,0,2013.5255024795752,0.0,0.6100944,0.789,0.7915521048364089,0.7889999999999999,0.7969902888470041,0.7890000000000001,0.789,0.789,0.7915521048364088,0.789,0.796990288847004,0.719657,0.8293,0.830134884097746,0.8293000000000001,0.8331094176576237,0.8293,0.8293,0.8293,0.830134884097746,0.8293,0.8331094176576236
88,99,0,2013.5255024795763,0.0,0.60591155,0.7908,0.7920175053504476,0.7908000000000001,0.7948731104402155,0.7908,0.7908,0.7908,0.7920175053504477,0.7908,0.7948731104402156,0.69879335,0.8297,0.8309700190209723,0.8296999999999999,0.8350640999691862,0.8297,0.8297,0.8297,0.8309700190209722,0.8297,0.8350640999691863
89,99,0,2013.525502479577,0.0,0.61669874,0.788,0.790739656439271,0.788,0.7971280181563618,0.788,0.788,0.788,0.7907396564392711,0.788,0.7971280181563618,0.71622044,0.8223,0.8239175447900886,0.8222999999999999,0.8287791337615973,0.8223,0.8223,0.8223,0.8239175447900887,0.8223,0.8287791337615971
90,99,0,2013.5255024795767,0.0,0.6233865,0.7856,0.7880372848464445,0.7856,0.7937211884191089,0.7856,0.7856,0.7856,0.7880372848464446,0.7856,0.7937211884191089,0.7193957,0.827,0.82797040496062,0.827,0.8317446666831823,0.827,0.827,0.827,0.82797040496062,0.827,0.8317446666831821
91,99,0,2013.5255024795792,0.0,0.6057282,0.79,0.7921204493141307,0.79,0.7961493603138183,0.79,0.79,0.79,0.7921204493141306,0.79,0.7961493603138182,0.7267747,0.8252,0.8263127113768851,0.8252,0.8301414616795217,0.8252,0.8252,0.8252,0.8263127113768851,0.8252,0.8301414616795216
92,99,0,2013.5255024795797,0.0,0.5927209,0.798,0.7997865126052891,0.7979999999999999,0.8032275373715814,0.798,0.798,0.798,0.799786512605289,0.798,0.8032275373715816,0.71977,0.8262,0.8271768522063793,0.8262,0.8306675044919534,0.8262,0.8262,0.8262,0.8271768522063793,0.8262,0.8306675044919534
93,99,0,2013.52550247958,0.0,0.6101761,0.7925,0.7939809047816742,0.7925,0.7967858825966474,0.7925,0.7925,0.7925,0.7939809047816742,0.7925,0.7967858825966476,0.7250781,0.826,0.8272646564468964,0.826,0.831428378309403,0.826,0.826,0.826,0.8272646564468963,0.826,0.8314283783094032
94,99,0,2013.525502479581,0.0,0.59956574,0.7916,0.7939253513514821,0.7916000000000001,0.800128008221253,0.7916,0.7916,0.7916,0.7939253513514821,0.7916,0.800128008221253,0.72111565,0.8243,0.8255648450570924,0.8243,0.8298774167057115,0.8243,0.8243,0.8243,0.8255648450570923,0.8243,0.8298774167057116
95,99,0,2013.5255024795817,0.0,0.6187724,0.788,0.7905495530460392,0.788,0.7965611900660551,0.788,0.788,0.788,0.7905495530460391,0.788,0.7965611900660551,0.7023457,0.8273,0.8285964884142091,0.8272999999999999,0.8326332503241864,0.8273,0.8273,0.8273,0.828596488414209,0.8273,0.8326332503241866
96,99,0,2013.525502479582,0.0,0.61364406,0.7892,0.7912744863588204,0.7891999999999999,0.7971210194315674,0.7892,0.7892,0.7892,0.7912744863588205,0.7892,0.7971210194315674,0.71537364,0.8292,0.830336283417856,0.8291999999999999,0.8333379863486805,0.8292,0.8292,0.8292,0.830336283417856,0.8292,0.8333379863486805
97,99,0,2013.5255024795829,0.0,0.61081797,0.7901,0.7924665201083541,0.7900999999999999,0.7982214077597198,0.7901,0.7901,0.7901,0.7924665201083541,0.7901,0.79822140775972,0.72912395,0.8264,0.8274243300908587,0.8264000000000001,0.8303851485215323,0.8264,0.8264,0.8264,0.8274243300908589,0.8264,0.8303851485215326
98,99,0,2013.525502479583,0.0,0.63034827,0.7835,0.787639697770038,0.7834999999999999,0.7987130014401653,0.7835000000000001,0.7835,0.7835,0.7876396977700381,0.7835,0.7987130014401654,0.71740323,0.8271,0.8282158749588829,0.8271000000000001,0.832128550414487,0.8271,0.8271,0.8271,0.8282158749588829,0.8271,0.832128550414487
99,99,0,2013.5255024795833,0.0,0.5994093,0.7928,0.7946079220313282,0.7928,0.8000261193524187,0.7928,0.7928,0.7928,0.7946079220313282,0.7928,0.8000261193524189,0.73255706,0.8239,0.8252550908320695,0.8238999999999999,0.8295945688409653,0.8239000000000001,0.8239,0.8239,0.8252550908320694,0.8239,0.8295945688409653
100,99,0,2013.525502479584,0.0,0.6152269,0.7852,0.7882500287697802,0.7851999999999999,0.7941011392280035,0.7852,0.7852,0.7852,0.7882500287697802,0.7852,0.7941011392280035,0.7252223,0.8288,0.8298399553952546,0.8288,0.832286878057201,0.8288,0.8288,0.8288,0.8298399553952546,0.8288,0.8322868780572011
101,99,0,2013.5255024795847,0.0,0.6084119,0.7928,0.7944931944349645,0.7928000000000001,0.7974862659394326,0.7928,0.7928,0.7928,0.7944931944349644,0.7928,0.7974862659394327,0.7199236,0.8286,0.8291779763164138,0.8286,0.8314246464976917,0.8286,0.8286,0.8286,0.8291779763164137,0.8286,0.8314246464976918
102,99,0,2013.5255024795858,0.0,0.6251972,0.7795,0.7824772051489821,0.7795,0.7901381669341996,0.7795,0.7795,0.7795,0.7824772051489821,0.7795,0.7901381669341996,0.73148566,0.8274,0.8280591290049953,0.8273999999999999,0.8309173291648395,0.8274,0.8274,0.8274,0.8280591290049953,0.8274,0.8309173291648396
103,99,0,2013.525502479587,0.0,0.60668993,0.7938,0.7945482954849461,0.7938,0.7971682790722658,0.7938,0.7938,0.7938,0.794548295484946,0.7938,0.797168279072266,0.7202705,0.826,0.826947137812246,0.826,0.829570025513393,0.826,0.826,0.826,0.826947137812246,0.826,0.829570025513393
104,99,0,2013.5255024795883,0.0,0.6009082,0.7914,0.7927416909805101,0.7914000000000001,0.7958059493585756,0.7914,0.7914,0.7914,0.7927416909805101,0.7914,0.7958059493585755,0.72102135,0.8274,0.828429441576892,0.8274000000000001,0.8321318882573611,0.8274,0.8274,0.8274,0.8284294415768921,0.8274,0.8321318882573611
105,99,0,2013.5255024795892,0.0,0.5973806,0.7937,0.794841225597124,0.7937000000000001,0.79818765345165,0.7937,0.7937,0.7937,0.794841225597124,0.7937,0.7981876534516499,0.7212292,0.8316,0.8323162524998373,0.8315999999999999,0.8345533070346015,0.8316,0.8316,0.8316,0.8323162524998373,0.8316,0.8345533070346015
106,99,0,2013.5255024795897,0.0,0.58405215,0.7992,0.8005406370391622,0.7991999999999999,0.8034857702814733,0.7992,0.7992,0.7992,0.8005406370391622,0.7992,0.8034857702814733,0.71206856,0.8268,0.8277221427854515,0.8267999999999999,0.8301539997025513,0.8267999999999999,0.8268,0.8268,0.8277221427854514,0.8268,0.8301539997025513
107,99,0,2013.5255024795908,0.0,0.6245156,0.7833,0.7853102216971375,0.7833,0.7893397219960295,0.7833,0.7833,0.7833,0.7853102216971374,0.7833,0.7893397219960296,0.7169078,0.8286,0.8297034071553885,0.8286,0.8328729309840724,0.8286,0.8286,0.8286,0.8297034071553884,0.8286,0.8328729309840724
108,99,0,2013.525502479591,0.0,0.600674,0.7903,0.7927503898578998,0.7903,0.7979737287644577,0.7903,0.7903,0.7903,0.7927503898578999,0.7903,0.7979737287644578,0.7123171,0.8288,0.8299436083038183,0.8288,0.8336112425669902,0.8288,0.8288,0.8288,0.8299436083038183,0.8288,0.83361124256699
109,99,0,2013.525502479591,0.0,0.6050187,0.7903,0.7928388874763189,0.7903,0.79941312037969,0.7903,0.7903,0.7903,0.7928388874763189,0.7903,0.7994131203796899,0.7209396,0.8297,0.8304706733531748,0.8297000000000001,0.8327933877932171,0.8297,0.8297,0.8297,0.8304706733531746,0.8297,0.8327933877932171
110,99,0,2013.5255024795918,0.0,0.5949545,0.7949,0.7962382263423369,0.7948999999999999,0.7991339811581049,0.7949,0.7949,0.7949,0.7962382263423369,0.7949,0.7991339811581049,0.7043869,0.8308,0.8315803175822353,0.8308,0.8346130142785115,0.8308,0.8308,0.8308,0.8315803175822354,0.8308,0.8346130142785115
111,99,0,2013.5255024795927,0.0,0.61882234,0.7792,0.7821008062945368,0.7791999999999999,0.789682453616045,0.7792,0.7792,0.7792,0.7821008062945368,0.7792,0.789682453616045,0.68895704,0.8339,0.8344528820942531,0.8339000000000001,0.8366019328335972,0.8339,0.8339,0.8339,0.834452882094253,0.8339,0.8366019328335973
112,99,0,2013.5255024795938,0.0,0.599075,0.7948,0.7962880580157545,0.7948000000000001,0.8001317949815011,0.7948,0.7948,0.7948,0.7962880580157545,0.7948,0.8001317949815011,0.7201093,0.8314,0.8321376233827834,0.8314,0.8343892828167372,0.8314,0.8314,0.8314,0.8321376233827834,0.8314,0.8343892828167371
113,99,0,2013.5255024795943,0.0,0.60233825,0.7913,0.793434600781619,0.7913,0.7990603680825259,0.7913,0.7913,0.7913,0.793434600781619,0.7913,0.7990603680825258,0.7018142,0.8316,0.8326859382207127,0.8316000000000001,0.8363391080809899,0.8316,0.8316,0.8316,0.8326859382207127,0.8316,0.8363391080809901
114,99,0,2013.5255024795947,0.0,0.5873092,0.7945,0.7966960556434725,0.7945,0.8024390294243062,0.7945,0.7945,0.7945,0.7966960556434725,0.7945,0.8024390294243062,0.6945149,0.8297,0.8307390104810277,0.8296999999999999,0.8346205316859654,0.8297,0.8297,0.8297,0.8307390104810276,0.8297,0.8346205316859654
115,99,0,2013.5255024795963,0.0,0.6041595,0.7903,0.793111334662282,0.7903,0.8002419076469816,0.7903,0.7903,0.7903,0.793111334662282,0.7903,0.8002419076469813,0.70223963,0.8267,0.8278639363137937,0.8267000000000001,0.8323360224222945,0.8267,0.8267,0.8267,0.8278639363137937,0.8267,0.8323360224222947
116,99,0,2013.525502479596,0.0,0.5873606,0.7976,0.7998268283860912,0.7976,0.8045879952060785,0.7975999999999999,0.7976,0.7976,0.7998268283860912,0.7976,0.8045879952060785,0.7121762,0.8256,0.8265800433032935,0.8256,0.8299218628570039,0.8256,0.8256,0.8256,0.8265800433032935,0.8256,0.8299218628570039
117,99,0,2013.525502479597,0.0,0.59539795,0.793,0.7948453461839886,0.7929999999999999,0.798364851886259,0.793,0.793,0.793,0.7948453461839886,0.793,0.7983648518862592,0.6926785,0.8326,0.8336643382332326,0.8325999999999999,0.8368164234188914,0.8326,0.8326,0.8326,0.8336643382332326,0.8326,0.8368164234188915
118,99,0,2013.525502479597,0.0,0.60315096,0.7908,0.7923765081894618,0.7908,0.7960970230503615,0.7908,0.7908,0.7908,0.7923765081894618,0.7908,0.7960970230503613,0.68899363,0.8312,0.8322775953826295,0.8312000000000002,0.8362465125788248,0.8312,0.8312,0.8312,0.8322775953826295,0.8312,0.8362465125788249
119,99,0,2013.5255024795983,0.0,0.59893495,0.7914,0.793627724060779,0.7914000000000001,0.7982783725747414,0.7914,0.7914,0.7914,0.7936277240607789,0.7914,0.7982783725747414,0.71100694,0.8275,0.8290664192760955,0.8275,0.8334673684982358,0.8275,0.8275,0.8275,0.8290664192760955,0.8275,0.8334673684982358
120,99,0,2013.5255024795997,0.0,0.6029814,0.7895,0.7917155683355948,0.7895,0.7971482433597102,0.7895,0.7895,0.7895,0.7917155683355948,0.7895,0.7971482433597102,0.69483787,0.8296,0.8308110639940018,0.8295999999999999,0.8345274275305844,0.8296,0.8296,0.8296,0.8308110639940017,0.8296,0.8345274275305845
121,99,0,2013.525502479601,0.0,0.612705,0.7879,0.7905034233235646,0.7878999999999999,0.7955209982132578,0.7879000000000002,0.7879,0.7879,0.7905034233235647,0.7879,0.7955209982132578,0.69314414,0.8294,0.8304974355632361,0.8294,0.834154554162627,0.8293999999999999,0.8294,0.8294,0.8304974355632361,0.8294,0.8341545541626271
122,99,0,2013.5255024796002,0.0,0.6023599,0.7929,0.7959119123903458,0.7929,0.8038313610049661,0.7928999999999999,0.7929,0.7929,0.7959119123903458,0.7929,0.8038313610049661,0.7273483,0.8271,0.8286239428836772,0.8271000000000001,0.8328254243405444,0.8271,0.8271,0.8271,0.8286239428836772,0.8271,0.8328254243405445
123,99,0,2013.5255024796022,0.0,0.60872585,0.7884,0.790667353236469,0.7884,0.7956532168135422,0.7884,0.7884,0.7884,0.790667353236469,0.7884,0.7956532168135422,0.7104015,0.8287,0.8299791544751682,0.8287000000000001,0.8332395654219541,0.8287,0.8287,0.8287,0.8299791544751682,0.8287,0.8332395654219541
124,99,0,2013.525502479604,0.0,0.59254706,0.7947,0.7963742831823089,0.7947,0.8004620937746838,0.7946999999999999,0.7947,0.7947,0.7963742831823089,0.7947,0.8004620937746838,0.72307396,0.8308,0.8316229333243527,0.8308,0.8339824552800584,0.8308,0.8308,0.8308,0.8316229333243528,0.8308,0.8339824552800584
125,99,0,2013.5255024796038,0.0,0.60767275,0.7942,0.7951043261514898,0.7942,0.7983108519023133,0.7942,0.7942,0.7942,0.79510432615149,0.7942,0.7983108519023131,0.71882397,0.8295,0.8303199825229892,0.8295,0.8333244035752456,0.8295,0.8295,0.8295,0.8303199825229892,0.8295,0.8333244035752457
126,99,0,2013.5255024796058,0.0,0.62728536,0.7823,0.7853534128425339,0.7823,0.7943168086564634,0.7823,0.7823,0.7823,0.7853534128425338,0.7823,0.7943168086564633,0.7143594,0.8301,0.8311199782346023,0.8301000000000001,0.8348425894672902,0.8301,0.8301,0.8301,0.8311199782346023,0.8301,0.8348425894672901
127,99,0,2013.525502479607,0.0,0.5941219,0.7942,0.7962285174414732,0.7941999999999999,0.8023959547719197,0.7942,0.7942,0.7942,0.7962285174414733,0.7942,0.8023959547719198,0.72720623,0.8215,0.8222946966344971,0.8215,0.8264705560100423,0.8215,0.8215,0.8215,0.8222946966344971,0.8215,0.8264705560100423
128,99,0,2013.5255024796068,0.0,0.6138704,0.7905,0.791660664019202,0.7905,0.796423828851993,0.7905,0.7905,0.7905,0.791660664019202,0.7905,0.7964238288519931,0.7195139,0.8306,0.8310548631811269,0.8305999999999999,0.8331484158000203,0.8306,0.8306,0.8306,0.8310548631811269,0.8306,0.8331484158000203
129,99,0,2013.525502479609,0.0,0.6104586,0.7883,0.7907739530224273,0.7883,0.7955776800377352,0.7883,0.7883,0.7883,0.7907739530224274,0.7883,0.7955776800377352,0.72846246,0.8283,0.8291171806989599,0.8283000000000001,0.8327753931955485,0.8283,0.8283,0.8283,0.82911718069896,0.8283,0.8327753931955485
130,99,0,2013.525502479609,0.0,0.5964019,0.7923,0.794424322648111,0.7923,0.7990337515789895,0.7923000000000001,0.7923,0.7923,0.794424322648111,0.7923,0.7990337515789894,0.7201414,0.829,0.830279533569002,0.8290000000000001,0.8347202558607,0.8289999999999998,0.829,0.829,0.8302795335690017,0.829,0.8347202558607
131,99,0,2013.5255024796097,0.0,0.6057437,0.7924,0.7954032832649972,0.7924,0.8049608078123309,0.7924,0.7924,0.7924,0.7954032832649973,0.7924,0.804960807812331,0.7266272,0.8278,0.8290062249600915,0.8278000000000001,0.8329142866096575,0.8278,0.8278,0.8278,0.8290062249600912,0.8278,0.8329142866096576
132,99,0,2013.5255024796118,0.0,0.60139483,0.7919,0.793680588433114,0.7918999999999999,0.7979793657468337,0.7919,0.7919,0.7919,0.793680588433114,0.7919,0.7979793657468337,0.74755627,0.8197,0.8211434001046591,0.8196999999999999,0.8264106867354469,0.8197,0.8197,0.8197,0.8211434001046591,0.8197,0.8264106867354468
133,99,0,2013.5255024796122,0.0,0.6137839,0.7857,0.7879835525717525,0.7857000000000001,0.7936138304775844,0.7857,0.7857,0.7857,0.7879835525717525,0.7857,0.7936138304775843,0.7032203,0.8319,0.8328789094940483,0.8319000000000001,0.8360107909554311,0.8319,0.8319,0.8319,0.8328789094940483,0.8319,0.836010790955431
134,99,0,2013.5255024796131,0.0,0.61016405,0.7906,0.7932013050273997,0.7906000000000001,0.7982833323487876,0.7906,0.7906,0.7906,0.7932013050273997,0.7906,0.7982833323487875,0.71869665,0.8311,0.8319602287940789,0.8311,0.8353485573132164,0.8311,0.8311,0.8311,0.831960228794079,0.8311,0.8353485573132164
135,99,0,2013.5255024796138,0.0,0.6057954,0.7895,0.79170982306425,0.7895,0.7957583345709698,0.7895,0.7895,0.7895,0.79170982306425,0.7895,0.7957583345709698,0.6912004,0.8326,0.8338220871798278,0.8326,0.8375484499621209,0.8326,0.8326,0.8326,0.8338220871798278,0.8326,0.8375484499621209
136,99,0,2013.5255024796138,0.0,0.6077884,0.7858,0.7889955426442905,0.7857999999999998,0.7958754052740893,0.7858,0.7858,0.7858,0.7889955426442906,0.7858,0.7958754052740893,0.7229086,0.8308,0.831371106440338,0.8308,0.8343048109916392,0.8308,0.8308,0.8308,0.831371106440338,0.8308,0.8343048109916393
137,99,0,2013.5255024796152,0.0,0.5805488,0.8007,0.8021496905933395,0.8007,0.8046925693166654,0.8007,0.8007,0.8007,0.8021496905933394,0.8007,0.8046925693166654,0.71798396,0.8302,0.8309655619598996,0.8301999999999999,0.8336757405225997,0.8302,0.8302,0.8302,0.8309655619598998,0.8302,0.8336757405225995
138,99,0,2013.5255024796154,0.0,0.6045755,0.7943,0.7962879976679769,0.7943,0.8016385414601211,0.7943,0.7943,0.7943,0.7962879976679769,0.7943,0.8016385414601211,0.710975,0.8312,0.8322398785415596,0.8311999999999999,0.8358693945135469,0.8312,0.8312,0.8312,0.8322398785415595,0.8312,0.835869394513547
139,99,0,2013.5255024796174,0.0,0.60025537,0.795,0.7969007310805417,0.795,0.8002469767656075,0.795,0.795,0.795,0.7969007310805417,0.795,0.8002469767656075,0.71134245,0.8309,0.8319213473549565,0.8309,0.8352802728070519,0.8309,0.8309,0.8309,0.8319213473549564,0.8309,0.8352802728070517
140,99,0,2013.525502479618,0.0,0.6046505,0.7938,0.7959603948889622,0.7938000000000001,0.8003877839055867,0.7938,0.7938,0.7938,0.7959603948889621,0.7938,0.8003877839055867,0.70943576,0.8307,0.8320152479914208,0.8307,0.8363832063760668,0.8307,0.8307,0.8307,0.8320152479914208,0.8307,0.836383206376067
141,99,0,2013.5255024796184,0.0,0.5942999,0.7921,0.7943737530462817,0.7920999999999999,0.8001828791904464,0.7921000000000001,0.7921,0.7921,0.7943737530462817,0.7921,0.8001828791904464,0.72925186,0.8298,0.8310840989044769,0.8298,0.8353011285570826,0.8298,0.8298,0.8298,0.8310840989044769,0.8298,0.8353011285570827
142,99,0,2013.525502479619,0.0,0.587525,0.794,0.7953707236890402,0.794,0.7986171919378201,0.7940000000000002,0.794,0.794,0.79537072368904,0.794,0.7986171919378201,0.7176913,0.8283,0.8295100400597242,0.8282999999999999,0.8333825302292188,0.8283,0.8283,0.8283,0.8295100400597243,0.8283,0.8333825302292189
143,99,0,2013.525502479621,0.0,0.5804362,0.7993,0.8019860347482013,0.7992999999999999,0.8076568673549713,0.7993,0.7993,0.7993,0.8019860347482012,0.7993,0.8076568673549713,0.70358264,0.8285,0.829832803861797,0.8285,0.8341059318598433,0.8285,0.8285,0.8285,0.8298328038617973,0.8285,0.8341059318598434
144,99,0,2013.525502479621,0.0,0.5957378,0.7956,0.7982114283603305,0.7956,0.8043764499739646,0.7956,0.7956,0.7956,0.7982114283603305,0.7956,0.8043764499739646,0.7206458,0.8291,0.8301119945965262,0.8291000000000001,0.8334786170222526,0.8291,0.8291,0.8291,0.8301119945965262,0.8291,0.8334786170222526
145,99,0,2013.525502479621,0.0,0.6030348,0.7918,0.7933527678219445,0.7918000000000001,0.798166961686838,0.7918,0.7918,0.7918,0.7933527678219446,0.7918,0.798166961686838,0.7210738,0.8288,0.8298624991768973,0.8288,0.8332850850380673,0.8288,0.8288,0.8288,0.8298624991768973,0.8288,0.8332850850380673
146,99,0,2013.525502479623,0.0,0.6053507,0.7932,0.7949964416820634,0.7932,0.7993605937150653,0.7932,0.7932,0.7932,0.7949964416820633,0.7932,0.7993605937150652,0.71134657,0.8319,0.8326692218699152,0.8319000000000001,0.8353600151528433,0.8319,0.8319,0.8319,0.8326692218699154,0.8319,0.8353600151528433
147,99,0,2013.5255024796234,0.0,0.6023647,0.7942,0.7956536795174032,0.7942000000000001,0.8006592385961231,0.7942,0.7942,0.7942,0.795653679517403,0.7942,0.8006592385961231,0.71498096,0.8344,0.8355783275703381,0.8343999999999999,0.8390972484312114,0.8344,0.8344,0.8344,0.8355783275703379,0.8344,0.8390972484312113
148,99,0,2013.5255024796238,0.0,0.5881198,0.7969,0.8001089948170771,0.7968999999999999,0.8067614582975537,0.7969,0.7969,0.7969,0.8001089948170771,0.7969,0.8067614582975536,0.70737165,0.8316,0.8326502584676676,0.8316000000000001,0.8356925290125468,0.8316,0.8316,0.8316,0.8326502584676675,0.8316,0.8356925290125468
149,99,0,2013.5255024796252,0.0,0.6041382,0.7891,0.7914530454474059,0.7891000000000001,0.7966930969462765,0.7891,0.7891,0.7891,0.7914530454474059,0.7891,0.7966930969462765,0.7308742,0.8266,0.8278793009553969,0.8266,0.8316354105474592,0.8266,0.8266,0.8266,0.8278793009553969,0.8266,0.8316354105474592
150,99,0,2013.5255024796252,0.0,0.6079519,0.7872,0.7901223654674073,0.7872,0.7964251229541515,0.7872,0.7872,0.7872,0.7901223654674072,0.7872,0.7964251229541515,0.71456903,0.832,0.8329821766891575,0.8320000000000001,0.836189226644304,0.832,0.832,0.832,0.8329821766891573,0.832,0.836189226644304
151,99,0,2013.525502479626,0.0,0.60644716,0.7866,0.7897110990283671,0.7866,0.7976233124674692,0.7866,0.7866,0.7866,0.7897110990283671,0.7866,0.7976233124674693,0.71206075,0.829,0.8298680685507207,0.8290000000000001,0.8327748692415391,0.8289999999999998,0.829,0.829,0.8298680685507208,0.829,0.8327748692415393
152,99,0,2013.5255024796272,0.0,0.59234226,0.7964,0.798261566045555,0.7964,0.8025227117309734,0.7964,0.7964,0.7964,0.798261566045555,0.7964,0.8025227117309734,0.7222602,0.8325,0.8334812372574975,0.8324999999999999,0.8362408976334873,0.8325,0.8325,0.8325,0.8334812372574976,0.8325,0.8362408976334873
153,99,0,2013.5255024796281,0.0,0.60132724,0.7885,0.7914131407680401,0.7885,0.7981610465503368,0.7885,0.7885,0.7885,0.7914131407680401,0.7885,0.7981610465503368,0.72385603,0.829,0.8304264256449241,0.829,0.8340504411317484,0.8289999999999998,0.829,0.829,0.8304264256449237,0.829,0.8340504411317486
154,99,0,2013.5255024796281,0.0,0.5775966,0.796,0.799329474298889,0.796,0.8068888829766362,0.796,0.796,0.796,0.7993294742988891,0.796,0.8068888829766361,0.7272467,0.8278,0.8289105411628569,0.8277999999999999,0.8320595521406101,0.8278,0.8278,0.8278,0.8289105411628569,0.8278,0.8320595521406101
155,99,0,2013.5255024796302,0.0,0.5955847,0.7941,0.7958694998647772,0.7941,0.8007577786346115,0.7941,0.7941,0.7941,0.7958694998647772,0.7941,0.8007577786346115,0.71694124,0.8285,0.8298273815689712,0.8285,0.8336176097858894,0.8285,0.8285,0.8285,0.8298273815689712,0.8285,0.8336176097858895
156,99,0,2013.5255024796304,0.0,0.6029048,0.7904,0.7926504182435151,0.7904,0.7976586773574923,0.7904,0.7904,0.7904,0.7926504182435151,0.7904,0.7976586773574923,0.7168815,0.8298,0.8305227155504917,0.8298,0.8331387322157646,0.8298,0.8298,0.8298,0.8305227155504917,0.8298,0.8331387322157647
157,99,0,2013.5255024796315,0.0,0.6099595,0.7873,0.7906009445529155,0.7873,0.7981623482558395,0.7873,0.7873,0.7873,0.7906009445529155,0.7873,0.7981623482558396,0.727018,0.8326,0.8333013523274417,0.8326,0.8363225840643926,0.8326,0.8326,0.8326,0.8333013523274417,0.8326,0.8363225840643926
158,99,0,2013.525502479633,0.0,0.5905469,0.798,0.8001921148876289,0.7979999999999999,0.8045497883558281,0.798,0.798,0.798,0.800192114887629,0.798,0.804549788355828,0.72149676,0.8324,0.8334777947006471,0.8324,0.8370930068151518,0.8324,0.8324,0.8324,0.8334777947006469,0.8324,0.8370930068151518
159,99,0,2013.525502479634,0.0,0.5785073,0.7995,0.801190559189134,0.7995,0.8050042815770524,0.7995,0.7995,0.7995,0.801190559189134,0.7995,0.8050042815770524,0.7155053,0.834,0.8347725104180579,0.834,0.8371949734760804,0.834,0.834,0.834,0.8347725104180579,0.834,0.8371949734760806
160,99,0,2013.5255024796343,0.0,0.61001337,0.7909,0.7929838964115861,0.7908999999999999,0.7993877031656148,0.7909,0.7909,0.7909,0.7929838964115861,0.7909,0.799387703165615,0.72694355,0.8292,0.830366998574279,0.8291999999999999,0.8331672873298608,0.8292,0.8292,0.8292,0.830366998574279,0.8292,0.8331672873298609
161,99,0,2013.5255024796343,0.0,0.5997883,0.7941,0.7973247183976487,0.7941,0.8040566948437469,0.7941,0.7941,0.7941,0.7973247183976487,0.7941,0.804056694843747,0.719483,0.8312,0.8323665877153289,0.8311999999999999,0.834989659506481,0.8312,0.8312,0.8312,0.8323665877153288,0.8312,0.8349896595064809
162,99,0,2013.525502479637,0.0,0.6022579,0.79,0.7927896750898465,0.7899999999999999,0.7981676264239159,0.79,0.79,0.79,0.7927896750898467,0.79,0.7981676264239158,0.72404504,0.8322,0.833419658520179,0.8321999999999999,0.8365580925429384,0.8322,0.8322,0.8322,0.833419658520179,0.8322,0.8365580925429383
163,99,0,2013.525502479637,0.0,0.612699,0.7909,0.7929175128848368,0.7908999999999999,0.7978940160862139,0.7909,0.7909,0.7909,0.7929175128848367,0.7909,0.7978940160862138,0.7166702,0.8291,0.8305154930955967,0.8291000000000001,0.8349751653271349,0.8291,0.8291,0.8291,0.8305154930955965,0.8291,0.8349751653271349
164,99,0,2013.5255024796375,0.0,0.59709483,0.7886,0.7915600122834877,0.7886,0.7980790364640755,0.7886,0.7886,0.7886,0.7915600122834877,0.7886,0.7980790364640755,0.7159027,0.8322,0.8332012470622907,0.8322,0.8362328909291368,0.8322,0.8322,0.8322,0.8332012470622907,0.8322,0.8362328909291368
165,99,0,2013.5255024796381,0.0,0.5953881,0.799,0.8004547287831365,0.799,0.803884841235584,0.799,0.799,0.799,0.8004547287831365,0.799,0.8038848412355841,0.7070967,0.8286,0.8302238374823483,0.8286,0.8345308341019104,0.8286,0.8286,0.8286,0.8302238374823484,0.8286,0.8345308341019103
166,99,0,2013.5255024796393,0.0,0.5789028,0.7956,0.7984051192874823,0.7956,0.8048368872854346,0.7956,0.7956,0.7956,0.7984051192874821,0.7956,0.8048368872854345,0.7197421,0.8326,0.833684549911497,0.8326,0.8370019551854477,0.8326,0.8326,0.8326,0.8336845499114969,0.8326,0.8370019551854478
167,99,0,2013.5255024796395,0.0,0.6177139,0.782,0.78483744356877,0.7820000000000001,0.7916279569411147,0.782,0.782,0.782,0.7848374435687699,0.782,0.7916279569411147,0.72591394,0.832,0.8331636902925406,0.8320000000000001,0.8372239671020065,0.832,0.832,0.832,0.8331636902925403,0.832,0.8372239671020063
168,99,0,2013.5255024796395,0.0,0.59700406,0.7933,0.7950117195823098,0.7933,0.7989333223252044,0.7933,0.7933,0.7933,0.7950117195823098,0.7933,0.7989333223252043,0.7230792,0.8303,0.8315846352930301,0.8302999999999999,0.8350700138299505,0.8303,0.8303,0.8303,0.8315846352930301,0.8303,0.8350700138299504
169,99,0,2013.525502479642,0.0,0.59674275,0.7918,0.7943912818035483,0.7918000000000001,0.8013898826600446,0.7918,0.7918,0.7918,0.7943912818035482,0.7918,0.8013898826600445,0.73106027,0.8274,0.8284109352992719,0.8273999999999999,0.832386711981316,0.8274,0.8274,0.8274,0.8284109352992718,0.8274,0.832386711981316
170,99,0,2013.5255024796425,0.0,0.6109648,0.7916,0.7938046481899952,0.7916000000000001,0.8005689825743636,0.7916,0.7916,0.7916,0.7938046481899953,0.7916,0.8005689825743635,0.718096,0.8292,0.8301043574706384,0.8291999999999999,0.8334246476023136,0.8292,0.8292,0.8292,0.8301043574706384,0.8292,0.8334246476023138
171,99,0,2013.5255024796422,0.0,0.59748363,0.7919,0.7939203958442475,0.7918999999999999,0.7989118092636301,0.7919,0.7919,0.7919,0.7939203958442473,0.7919,0.7989118092636303,0.713396,0.8281,0.8292951006692599,0.8281000000000001,0.8333766628614381,0.8281,0.8281,0.8281,0.8292951006692598,0.8281,0.833376662861438
172,99,0,2013.5255024796436,0.0,0.6044814,0.7936,0.7962655821217789,0.7936,0.8030376598227518,0.7936,0.7936,0.7936,0.7962655821217788,0.7936,0.8030376598227518,0.71814096,0.8368,0.8376105997989501,0.8368,0.8405442375839929,0.8368,0.8368,0.8368,0.8376105997989501,0.8368,0.8405442375839928
173,99,0,2013.525502479645,0.0,0.58968025,0.7983,0.7995353080496084,0.7983,0.8023825709153037,0.7983,0.7983,0.7983,0.7995353080496083,0.7983,0.8023825709153037,0.7102403,0.8345,0.8357111514397483,0.8345,0.839214725130802,0.8345,0.8345,0.8345,0.8357111514397482,0.8345,0.8392147251308021
174,99,0,2013.5255024796434,0.0,0.5834511,0.7967,0.7982378002564529,0.7967,0.8028332768901706,0.7967,0.7967,0.7967,0.798237800256453,0.7967,0.8028332768901707,0.7058817,0.8334,0.8346423484093007,0.8333999999999999,0.8381549757313469,0.8334,0.8334,0.8334,0.8346423484093007,0.8334,0.8381549757313467
175,99,0,2013.5255024796454,0.0,0.5959005,0.793,0.7946932141126168,0.7929999999999999,0.7980835114219699,0.793,0.793,0.793,0.794693214112617,0.793,0.7980835114219698,0.7021529,0.8325,0.833463806604483,0.8324999999999999,0.8363677113597904,0.8325,0.8325,0.8325,0.833463806604483,0.8325,0.8363677113597904
176,99,0,2013.525502479646,0.0,0.5997354,0.7937,0.7967023181459544,0.7937,0.8039036493169626,0.7937,0.7937,0.7937,0.7967023181459544,0.7937,0.8039036493169626,0.71127516,0.8311,0.8320396185424677,0.8311,0.8348125796259795,0.8311,0.8311,0.8311,0.8320396185424678,0.8311,0.8348125796259795
177,99,0,2013.525502479648,0.0,0.60154885,0.7945,0.7962414788422743,0.7945,0.8009490447900136,0.7945,0.7945,0.7945,0.7962414788422743,0.7945,0.8009490447900136,0.71266484,0.8286,0.8299234664355657,0.8286,0.8332886630383008,0.8286,0.8286,0.8286,0.8299234664355656,0.8286,0.8332886630383007
178,99,0,2013.5255024796481,0.0,0.60480183,0.7888,0.7916367294703944,0.7888,0.7978218833274802,0.7888,0.7888,0.7888,0.7916367294703943,0.7888,0.7978218833274803,0.70124185,0.8325,0.8335209797711493,0.8325000000000001,0.8360049510463801,0.8325,0.8325,0.8325,0.8335209797711491,0.8325,0.8360049510463802
179,99,0,2013.5255024796493,0.0,0.60511786,0.7905,0.7933924706817993,0.7905,0.8022070770617663,0.7905,0.7905,0.7905,0.7933924706817992,0.7905,0.8022070770617663,0.70117235,0.8273,0.8282992742599532,0.8272999999999999,0.8314665439272003,0.8273,0.8273,0.8273,0.8282992742599532,0.8273,0.8314665439272004
180,99,0,2013.5255024796502,0.0,0.6006595,0.7898,0.7912888037166338,0.7898,0.7959032555414199,0.7898,0.7898,0.7898,0.7912888037166338,0.7898,0.7959032555414199,0.7164808,0.8323,0.8335103654560834,0.8322999999999998,0.8365841627445828,0.8323,0.8323,0.8323,0.8335103654560835,0.8323,0.8365841627445829
181,99,0,2013.5255024796509,0.0,0.5801675,0.8,0.8023504678999875,0.8,0.8066469993178627,0.8000000000000002,0.8,0.8,0.8023504678999877,0.8,0.8066469993178627,0.70824695,0.8276,0.8288021236024937,0.8276,0.8326635835600124,0.8276,0.8276,0.8276,0.8288021236024937,0.8276,0.8326635835600124
182,99,0,2013.5255024796515,0.0,0.59104943,0.7928,0.795313640039297,0.7928,0.8013344271756729,0.7928,0.7928,0.7928,0.7953136400392972,0.7928,0.8013344271756729,0.72092646,0.8267,0.8277881365284273,0.8267,0.8313370494650331,0.8267,0.8267,0.8267,0.8277881365284273,0.8267,0.8313370494650332
183,99,0,2013.5255024796525,0.0,0.61135745,0.7813,0.7830412946410586,0.7813000000000001,0.7882660126114203,0.7813,0.7813,0.7813,0.7830412946410586,0.7813,0.7882660126114204,0.72369874,0.8259,0.8273684949260882,0.8259000000000001,0.831860557862681,0.8259,0.8259,0.8259,0.8273684949260883,0.8259,0.8318605578626808
184,99,0,2013.5255024796531,0.0,0.6258654,0.7849,0.7883735833199653,0.7848999999999999,0.7986211174813533,0.7849000000000002,0.7849,0.7849,0.7883735833199652,0.7849,0.7986211174813533,0.7097464,0.8293,0.8304676661006127,0.8293000000000001,0.8350944092381619,0.8293,0.8293,0.8293,0.8304676661006127,0.8293,0.8350944092381618
185,99,0,2013.5255024796534,0.0,0.5935029,0.7985,0.7998978030007386,0.7985,0.8032433524321201,0.7984999999999999,0.7985,0.7985,0.7998978030007386,0.7985,0.8032433524321201,0.7301093,0.8287,0.8297645384379457,0.8286999999999999,0.8332118092063711,0.8287,0.8287,0.8287,0.8297645384379458,0.8287,0.8332118092063711
186,99,0,2013.525502479655,0.0,0.6105337,0.7907,0.7922381306400054,0.7907,0.7959876054940831,0.7907,0.7907,0.7907,0.7922381306400053,0.7907,0.795987605494083,0.72661436,0.8289,0.8300159360634909,0.8289,0.8337036023982722,0.8289,0.8289,0.8289,0.8300159360634911,0.8289,0.8337036023982722
187,99,0,2013.5255024796563,0.0,0.6227637,0.786,0.7878829101065091,0.7859999999999999,0.7921213718878738,0.786,0.786,0.786,0.7878829101065091,0.786,0.7921213718878738,0.7331228,0.8271,0.8282395277795217,0.8271000000000001,0.832096579774913,0.8271,0.8271,0.8271,0.8282395277795218,0.8271,0.8320965797749131
188,99,0,2013.5255024796563,0.0,0.6051882,0.7925,0.7952395477320314,0.7924999999999999,0.8011119927822439,0.7925,0.7925,0.7925,0.7952395477320315,0.7925,0.8011119927822439,0.7386517,0.8295,0.830964964593567,0.8295,0.8349505823569034,0.8295,0.8295,0.8295,0.830964964593567,0.8295,0.8349505823569034
189,99,0,2013.5255024796575,0.0,0.578682,0.7994,0.8003731883014199,0.7994000000000001,0.8034945829162987,0.7994,0.7994,0.7994,0.8003731883014198,0.7994,0.8034945829162988,0.71299666,0.8305,0.8312600032405244,0.8305,0.834223918093674,0.8305,0.8305,0.8305,0.8312600032405244,0.8305,0.8342239180936741
190,99,0,2013.5255024796584,0.0,0.5942771,0.796,0.7985128567318964,0.796,0.8037581230429278,0.796,0.796,0.796,0.7985128567318964,0.796,0.8037581230429279,0.70783186,0.8312,0.8316435297805087,0.8311999999999999,0.8338798440559312,0.8312,0.8312,0.8312,0.8316435297805087,0.8312,0.8338798440559311
191,99,0,2013.5255024796584,0.0,0.59678495,0.7968,0.7983664545981419,0.7968,0.8013051522093864,0.7968,0.7968,0.7968,0.7983664545981418,0.7968,0.8013051522093864,0.7265853,0.8273,0.82834470970567,0.8272999999999999,0.8319176651359779,0.8273,0.8273,0.8273,0.82834470970567,0.8273,0.831917665135978
192,99,0,2013.525502479659,0.0,0.5941847,0.7948,0.7976706899053955,0.7948000000000001,0.8038103562901755,0.7948,0.7948,0.7948,0.7976706899053955,0.7948,0.8038103562901754,0.72224265,0.8291,0.8304340926862007,0.8291000000000001,0.8347845021464751,0.8291,0.8291,0.8291,0.8304340926862007,0.8291,0.8347845021464751
193,99,0,2013.5255024796606,0.0,0.6007921,0.788,0.7912800535070962,0.788,0.7985688902998105,0.788,0.788,0.788,0.7912800535070962,0.788,0.7985688902998104,0.7167276,0.829,0.8302920151822649,0.8290000000000001,0.8351569283478739,0.8289999999999998,0.829,0.829,0.8302920151822649,0.829,0.8351569283478739
194,99,0,2013.5255024796625,0.0,0.6153366,0.7882,0.7919426287067869,0.7882,0.8017480485773143,0.7882,0.7882,0.7882,0.7919426287067868,0.7882,0.8017480485773142,0.7012568,0.8277,0.8287834077197754,0.8277000000000001,0.8327637317851764,0.8277,0.8277,0.8277,0.8287834077197753,0.8277,0.8327637317851764
195,99,0,2013.5255024796631,0.0,0.6020046,0.7945,0.796719737592392,0.7945,0.802342369977268,0.7945,0.7945,0.7945,0.7967197375923921,0.7945,0.802342369977268,0.7409126,0.8265,0.8275173393046555,0.8265,0.8308282079092247,0.8265,0.8265,0.8265,0.8275173393046557,0.8265,0.8308282079092247
196,99,0,2013.525502479664,0.0,0.61191434,0.7881,0.7905378365142821,0.7880999999999999,0.794742956062025,0.7881000000000001,0.7881,0.7881,0.790537836514282,0.7881,0.794742956062025,0.7286307,0.8303,0.831277601310308,0.8303,0.8342149214212883,0.8303,0.8303,0.8303,0.8312776013103081,0.8303,0.8342149214212883
197,99,0,2013.525502479665,0.0,0.58807635,0.7986,0.8004460197485475,0.7986,0.8041474226835094,0.7986,0.7986,0.7986,0.8004460197485475,0.7986,0.8041474226835092,0.7378774,0.8254,0.8263509937757997,0.8254000000000001,0.8300398634790562,0.8254,0.8254,0.8254,0.8263509937757997,0.8254,0.8300398634790563
198,99,0,2013.5255024796663,0.0,0.60263956,0.7921,0.7939255793159739,0.7920999999999999,0.7972408162179113,0.7921000000000001,0.7921,0.7921,0.7939255793159739,0.7921,0.7972408162179114,0.7341298,0.8245,0.8256251290032186,0.8244999999999999,0.8298332993575391,0.8245,0.8245,0.8245,0.8256251290032185,0.8245,0.8298332993575391
199,99,0,2013.525502479666,0.0,0.6185305,0.7851,0.7891719273260215,0.7851000000000001,0.8017336183588724,0.7851,0.7851,0.7851,0.7891719273260215,0.7851,0.8017336183588725,0.7014502,0.8312,0.8323474307971163,0.8311999999999999,0.8358085571234108,0.8312,0.8312,0.8312,0.8323474307971163,0.8312,0.8358085571234107
200,99,0,2013.5255024796681,0.0,0.5851135,0.7985,0.8001792012488751,0.7985,0.8031479248852182,0.7984999999999999,0.7985,0.7985,0.8001792012488751,0.7985,0.8031479248852181,0.71329266,0.8293,0.8303826403486022,0.8292999999999999,0.8336205615941967,0.8293,0.8293,0.8293,0.8303826403486024,0.8293,0.8336205615941966
