round,test_loss,test_acc,test_macro_f1,test_macro_recall,test_macro_precision,test_micro_f1,test_micro_recall,test_micro_precision,test_weighted_f1,test_weighted_recall,test_weighted_precision
1,1.6443664,0.3412,0.29779531351485306,0.3412,0.6932039853543722,0.3412,0.3412,0.3412,0.297795313514853,0.3412,0.6932039853543721
2,4.133213,0.3369,0.20964046156385835,0.3369,0.16204428023152612,0.3369,0.3369,0.3369,0.20964046156385838,0.3369,0.1620442802315261
3,6.106106,0.2873,0.19540699295558403,0.2873,0.3085999003882724,0.2873,0.2873,0.2873,0.19540699295558403,0.2873,0.30859990038827245
4,6.5435157,0.1449,0.08246127331990026,0.14489999999999997,0.3285622079770286,0.1449,0.1449,0.1449,0.08246127331990025,0.1449,0.32856220797702856
5,4.7073946,0.4379,0.3429504783764388,0.43790000000000007,0.31971043232675056,0.4379,0.4379,0.4379,0.34295047837643877,0.4379,0.31971043232675045
6,7.479487,0.2015,0.13751233475725477,0.2015,0.21159304486153677,0.2015,0.2015,0.2015,0.13751233475725477,0.2015,0.2115930448615368
7,6.462582,0.2978,0.22102164369256466,0.2978,0.4025453769185958,0.2978,0.2978,0.2978,0.22102164369256466,0.2978,0.40254537691859577
8,9.867328,0.1769,0.060804265258334086,0.1769,0.03731715240189816,0.1769,0.1769,0.1769,0.060804265258334086,0.1769,0.03731715240189817
9,5.861675,0.3568,0.24565179843145443,0.3568,0.35737917759235294,0.35680000000000006,0.3568,0.3568,0.24565179843145446,0.3568,0.35737917759235294
10,8.647184,0.2803,0.15622764547120546,0.2803,0.1646202590677182,0.2803,0.2803,0.2803,0.15622764547120546,0.2803,0.1646202590677182
11,9.913317,0.1742,0.08705416774041164,0.1742,0.13294910177190417,0.1742,0.1742,0.1742,0.08705416774041165,0.1742,0.13294910177190417
12,7.208456,0.2963,0.2026491270565925,0.2963,0.29056756396976013,0.2963,0.2963,0.2963,0.2026491270565925,0.2963,0.29056756396976013
13,7.265335,0.2414,0.13834553670214275,0.24139999999999998,0.40274900692894133,0.2414,0.2414,0.2414,0.13834553670214272,0.2414,0.40274900692894133
14,7.7471757,0.31,0.2032652486945376,0.31,0.23061604147494882,0.31,0.31,0.31,0.2032652486945376,0.31,0.23061604147494885
15,7.2667303,0.3237,0.2049907129779509,0.3237,0.2514576817598227,0.3237,0.3237,0.3237,0.2049907129779509,0.3237,0.2514576817598227
16,8.511891,0.2558,0.13743787195469626,0.25579999999999997,0.16385867971588802,0.2558,0.2558,0.2558,0.13743787195469626,0.2558,0.16385867971588802
17,6.757044,0.2902,0.184795654363285,0.2902,0.4396678904884911,0.2902,0.2902,0.2902,0.18479565436328496,0.2902,0.43966789048849103
18,7.2610126,0.2611,0.1868303201212198,0.2611,0.32491474476727245,0.2611,0.2611,0.2611,0.1868303201212198,0.2611,0.3249147447672725
19,7.01597,0.2325,0.18461436741427736,0.2325,0.23391592615595327,0.2325,0.2325,0.2325,0.18461436741427736,0.2325,0.23391592615595327
20,5.7668486,0.3936,0.2813057756754761,0.3936,0.3385350886259076,0.3936,0.3936,0.3936,0.28130577567547604,0.3936,0.3385350886259076
