epoch,categorical_accuracy,learning_rate,loss,val_categorical_accuracy,val_loss,val_macro_f1,val_macro_precision,val_macro_recall,val_micro_f1,val_micro_precision,val_micro_recall,val_weighted_f1,val_weighted_precision,val_weighted_recall
0,0.6400200128555298,0.0010000000474974513,1.455430507659912,0.8295999765396118,0.9794670939445496,0.8284961735454054,0.8295039709736203,0.8296000000000001,0.8296,0.8296,0.8296,0.8284961735454055,0.8295039709736204,0.8296
1,0.7011200189590454,0.0010000000474974513,1.3401578664779663,0.843500018119812,0.9455150365829468,0.8424716394482663,0.8450475451504467,0.8434999999999999,0.8435,0.8435,0.8435,0.8424716394482664,0.8450475451504466,0.8435
2,0.7082200050354004,0.0010000000474974513,1.3266575336456299,0.8496000170707703,0.931205153465271,0.8486147333550791,0.8499071541691094,0.8496,0.8496,0.8496,0.8496,0.8486147333550793,0.8499071541691096,0.8496
3,0.714139997959137,0.0010000000474974513,1.3166290521621704,0.8514000177383423,0.9289178848266602,0.8501637397394728,0.8537404569998432,0.8513999999999999,0.8514,0.8514,0.8514,0.8501637397394725,0.8537404569998432,0.8514
4,0.7172200083732605,0.0010000000474974513,1.310477614402771,0.8561999797821045,0.91937655210495,0.8549672919429943,0.8574317069654495,0.8562,0.8562,0.8562,0.8562,0.8549672919429944,0.8574317069654495,0.8562
5,0.7214000225067139,0.0005994842504151165,1.3065026998519897,0.8568999767303467,0.9134273529052734,0.8565980866047502,0.8581172358540929,0.8569000000000001,0.8569,0.8569,0.8569,0.8565980866047499,0.8581172358540929,0.8569
6,0.7265599966049194,0.0005994842504151165,1.2977266311645508,0.8608999848365784,0.909277617931366,0.8597030449779843,0.8609310885989021,0.8609,0.8609,0.8609,0.8609,0.8597030449779844,0.8609310885989022,0.8609
7,0.7262600064277649,0.0005994842504151165,1.300295352935791,0.8604999780654907,0.9079239964485168,0.8595558797991474,0.8611187169746011,0.8605,0.8605,0.8605,0.8605,0.8595558797991475,0.861118716974601,0.8605
8,0.7256199717521667,0.0005994842504151165,1.2977384328842163,0.8605999946594238,0.9050381779670715,0.8597414924526458,0.861358750231861,0.8606,0.8606,0.8606,0.8606,0.8597414924526456,0.861358750231861,0.8606
9,0.7237600088119507,0.0005994842504151165,1.2988137006759644,0.861299991607666,0.9079901576042175,0.8606143514568894,0.8630124081582956,0.8613,0.8613,0.8613,0.8613,0.8606143514568892,0.8630124081582955,0.8613
10,0.7253400087356567,0.00035938137443736196,1.296524167060852,0.8629000186920166,0.9042842984199524,0.8623720222301463,0.8641436093088336,0.8629000000000001,0.8629,0.8629,0.8629,0.8623720222301463,0.8641436093088336,0.8629
11,0.7267199754714966,0.00035938137443736196,1.2925623655319214,0.8634999990463257,0.9005341529846191,0.8628377683147386,0.8634054122043923,0.8634999999999999,0.8635,0.8635,0.8635,0.8628377683147386,0.8634054122043923,0.8635
12,0.7305600047111511,0.00035938137443736196,1.2874082326889038,0.862500011920929,0.9011274576187134,0.86197355529096,0.8630032504310525,0.8625,0.8625,0.8625,0.8625,0.86197355529096,0.8630032504310526,0.8625
13,0.7325599789619446,0.00035938137443736196,1.2849147319793701,0.864799976348877,0.8990888595581055,0.8642100174596689,0.8651180386037998,0.8648,0.8648,0.8648,0.8648,0.864210017459669,0.8651180386038001,0.8648
14,0.7291399836540222,0.00035938137443736196,1.2883294820785522,0.8633000254631042,0.8995305895805359,0.8625433749943083,0.8639498479285838,0.8633,0.8633,0.8633,0.8633,0.8625433749943082,0.8639498479285838,0.8633
15,0.7296000123023987,0.00021544346236623824,1.2874411344528198,0.8632000088691711,0.8986580967903137,0.8629258115221313,0.8643119260303145,0.8632,0.8632,0.8632,0.8632,0.8629258115221313,0.8643119260303145,0.8632
16,0.7302600145339966,0.00021544346236623824,1.2884114980697632,0.8646000027656555,0.8975323438644409,0.8641467547233705,0.8648916907070932,0.8646,0.8646,0.8646,0.8646,0.8641467547233704,0.864891690707093,0.8646
17,0.7308800220489502,0.00021544346236623824,1.2890217304229736,0.8648999929428101,0.8959492444992065,0.8644661297849157,0.8651962931785002,0.8648999999999999,0.8649,0.8649,0.8649,0.8644661297849155,0.8651962931785003,0.8649
18,0.7326800227165222,0.00021544346236623824,1.2862827777862549,0.8657000064849854,0.8964200019836426,0.8652893850709875,0.8659741524685213,0.8657,0.8657,0.8657,0.8657,0.8652893850709875,0.8659741524685213,0.8657
19,0.7307400107383728,0.00021544346236623824,1.2855865955352783,0.8669999837875366,0.894936740398407,0.8665854815091418,0.8671663415658533,0.867,0.867,0.867,0.867,0.8665854815091417,0.8671663415658529,0.867
20,0.7350800037384033,0.00012915497063659132,1.2823766469955444,0.8669000267982483,0.8951038122177124,0.8665080581255372,0.8674801128071886,0.8669,0.8669,0.8669,0.8669,0.8665080581255372,0.8674801128071885,0.8669
21,0.7338600158691406,0.00012915497063659132,1.2815650701522827,0.8665000200271606,0.8940640687942505,0.8660835923093663,0.8667556106383844,0.8665,0.8665000000000002,0.8665,0.8665,0.8660835923093664,0.8667556106383841,0.8665
22,0.7325000166893005,0.00012915497063659132,1.278432846069336,0.8655999898910522,0.8941757678985596,0.8651965700575014,0.8660811349370683,0.8656,0.8656,0.8656,0.8656,0.8651965700575013,0.8660811349370683,0.8656
23,0.7354400157928467,0.00012915497063659132,1.2828726768493652,0.8665000200271606,0.8943260908126831,0.8660671833610986,0.866806279584126,0.8665,0.8665000000000002,0.8665,0.8665,0.8660671833610987,0.866806279584126,0.8665
24,0.7333599925041199,0.00012915497063659132,1.2826005220413208,0.8658999800682068,0.8953081965446472,0.8655082326246136,0.866204295375048,0.8659000000000001,0.8659,0.8659,0.8659,0.8655082326246136,0.8662042953750478,0.8659
25,0.7364000082015991,7.74263680796139e-05,1.2784079313278198,0.8675000071525574,0.893600583076477,0.8669395811812338,0.8673371522308093,0.8675,0.8675,0.8675,0.8675,0.8669395811812339,0.8673371522308093,0.8675
26,0.7340999841690063,7.74263680796139e-05,1.2839099168777466,0.8673999905586243,0.8939103484153748,0.8668941742651836,0.8675506923362238,0.8674,0.8674,0.8674,0.8674,0.8668941742651836,0.867550692336224,0.8674
27,0.733519971370697,7.74263680796139e-05,1.2792688608169556,0.8658000230789185,0.8942776322364807,0.8654567892087142,0.8662872236485268,0.8658000000000001,0.8658000000000001,0.8658,0.8658,0.8654567892087143,0.866287223648527,0.8658
28,0.731939971446991,7.74263680796139e-05,1.2850970029830933,0.8668000102043152,0.8942040205001831,0.8662065548664744,0.8669447580525744,0.8668000000000001,0.8668,0.8668,0.8668,0.8662065548664745,0.8669447580525744,0.8668
29,0.7325400114059448,7.74263680796139e-05,1.2857645750045776,0.8659999966621399,0.894489049911499,0.8655763933797814,0.8662594319525588,0.866,0.866,0.866,0.866,0.8655763933797814,0.866259431952559,0.866
30,0.7371199727058411,4.641588748199865e-05,1.2791953086853027,0.8669999837875366,0.8939290046691895,0.8666359098899786,0.867171404026778,0.867,0.867,0.867,0.867,0.8666359098899786,0.867171404026778,0.867
31,0.7348600029945374,4.641588748199865e-05,1.281795859336853,0.866100013256073,0.8944111466407776,0.8657328382858871,0.8663338396919362,0.8661,0.8661,0.8661,0.8661,0.8657328382858872,0.8663338396919362,0.8661
32,0.7361599802970886,4.641588748199865e-05,1.2788593769073486,0.8661999702453613,0.8934388756752014,0.8658797044775733,0.8664056717284383,0.8661999999999999,0.8662,0.8662,0.8662,0.8658797044775732,0.8664056717284384,0.8662
33,0.7372400164604187,4.641588748199865e-05,1.2816767692565918,0.8672000169754028,0.8937569260597229,0.866887720004738,0.8673943987614783,0.8672000000000001,0.8671999999999999,0.8672,0.8672,0.866887720004738,0.8673943987614783,0.8672
34,0.7358400225639343,4.641588748199865e-05,1.2803024053573608,0.866599977016449,0.8946605324745178,0.866244062392741,0.8668861490535736,0.8666,0.8666000000000001,0.8666,0.8666,0.8662440623927409,0.8668861490535735,0.8666
35,0.7367600202560425,2.7825593861052766e-05,1.2812901735305786,0.866599977016449,0.8941306471824646,0.8662401669408197,0.8668326543880056,0.8666,0.8666000000000001,0.8666,0.8666,0.8662401669408198,0.8668326543880055,0.8666
36,0.7329000234603882,2.7825593861052766e-05,1.2805601358413696,0.8669999837875366,0.8940561413764954,0.8666433685544972,0.8672516538316257,0.867,0.867,0.867,0.867,0.8666433685544971,0.8672516538316256,0.867
37,0.7398999929428101,2.7825593861052766e-05,1.2751026153564453,0.866599977016449,0.8938104510307312,0.8662773379168411,0.8670186153284494,0.8666,0.8666000000000001,0.8666,0.8666,0.8662773379168411,0.8670186153284494,0.8666
38,0.7387199997901917,2.7825593861052766e-05,1.277605652809143,0.8672000169754028,0.8934252858161926,0.8668683593110782,0.8675209866076014,0.8672000000000001,0.8671999999999999,0.8672,0.8672,0.8668683593110782,0.8675209866076014,0.8672
39,0.7365000247955322,2.7825593861052766e-05,1.2786661386489868,0.8673999905586243,0.8934739232063293,0.8670099187760719,0.8676900946486921,0.8674,0.8674,0.8674,0.8674,0.8670099187760719,0.867690094648692,0.8674
40,0.7356200218200684,1.6681005945429206e-05,1.277842402458191,0.8669999837875366,0.8933844566345215,0.866617840255306,0.8672938129122505,0.8670000000000002,0.867,0.867,0.867,0.8666178402553062,0.8672938129122504,0.867
41,0.7315199971199036,1.6681005945429206e-05,1.2833389043807983,0.866100013256073,0.8932663202285767,0.8657733719725508,0.8664133022437287,0.8661,0.8661,0.8661,0.8661,0.8657733719725508,0.8664133022437287,0.8661
42,0.7389799952507019,1.6681005945429206e-05,1.2780518531799316,0.8668000102043152,0.8930357694625854,0.8664451393921686,0.867123854721703,0.8667999999999999,0.8668,0.8668,0.8668,0.8664451393921685,0.8671238547217028,0.8668
43,0.7354400157928467,1.6681005945429206e-05,1.2846007347106934,0.8665000200271606,0.8929474353790283,0.8661529757061605,0.8668493891710002,0.8664999999999999,0.8665000000000002,0.8665,0.8665,0.8661529757061603,0.8668493891710003,0.8665
44,0.7353799939155579,1.6681005945429206e-05,1.2808558940887451,0.866599977016449,0.8928961753845215,0.8662571543078086,0.8669192254134017,0.8665999999999998,0.8666000000000001,0.8666,0.8666,0.8662571543078084,0.8669192254134017,0.8666
45,0.7329800128936768,9.999999747378752e-06,1.2854186296463013,0.8665000200271606,0.8930771350860596,0.8661297130828143,0.8667835622740203,0.8664999999999999,0.8665000000000002,0.8665,0.8665,0.8661297130828143,0.8667835622740203,0.8665
46,0.7366200089454651,9.999999747378752e-06,1.28178870677948,0.8669000267982483,0.8931479454040527,0.8665494056686149,0.8672694551507428,0.8669,0.8669,0.8669,0.8669,0.8665494056686149,0.8672694551507427,0.8669
47,0.7379599809646606,9.999999747378752e-06,1.2777378559112549,0.8669000267982483,0.8931010961532593,0.866526271852772,0.8672595573265225,0.8668999999999999,0.8669,0.8669,0.8669,0.8665262718527718,0.8672595573265224,0.8669
48,0.7376000285148621,9.999999747378752e-06,1.2750790119171143,0.866599977016449,0.8928652405738831,0.8662281523807283,0.8669116211910748,0.8666,0.8666000000000001,0.8666,0.8666,0.8662281523807281,0.8669116211910745,0.8666
49,0.735260009765625,9.999999747378752e-06,1.2757558822631836,0.8668000102043152,0.892968475818634,0.86644350307824,0.8671577906632587,0.8667999999999999,0.8668,0.8668,0.8668,0.86644350307824,0.8671577906632587,0.8668
